sample_filename,raw_sha,converted_sha
202405081555_EB_dbgi_001197_01_01.mzML,22b090b63c7eba76995411df7ab9a8c8c4a9cc5a,b4b22e6ba174a7f3c560125776d09bfc3bd841b0
20240307_EB_dbgi_002607_01_01.mzML,aa5a4783e88440ea085bf3ee536af8f1cdbf916a,ff5c5d0966b299b29be5112ff29e954bcac1578a
20240405_EB_dbgi_001825_01_01_100mm_C18_15min_DDA_ELON_pos.mzML,f264ae31f6bc33d352548bcb19737beafaf3286f,f02709c7639f928a71642a7ffc42c7c28d92875f
202404191203_HC_dbgi_002491_01_01.mzML,fc271adead144556616c46f4392dde87fdbafd44,1a508c08d8d7070d2bf98410f88d55dc6deb521c
202405241509_EB_dbgi_001043_01_01.mzML,973e6a37d4de10e0366bc11b730b3d910f39e7eb,14ea2ff05ecf0d0f19196768132e6cfa75719196
202404191203_HC_dbgi_002928_02_01.mzML,5d07405bec8faabcc48a695887de78b630d022e6,41d0fbe8893843f428ff977d4849bdc23b26af42
202405081555_EB_dbgi_001834_01_01.mzML,9a9091a465f15c29624e682499c59a1ae4c2fc6f,2d224460341311716fce7b6bfbf3f29eda3a8638
20240405_EB_dbgi_002431_01_01_100mm_C18_15min_DDA_ELON_pos.mzML,1174485dbfe26e7a5cfd3e734c70343b3bb7dc29,b056cb89f1e8b9bcbbeb2507ebbd5f61997568fd
20240405_EB_dbgi_002949_01_01_100mm_C18_15min_DDA_ELON_pos.mzML,43a530400864950ce9dc78107d5db1e1bd77f8e2,757bdf781fac1aba07d3e5015e7131d7b5a3647f
20240405_EB_dbgi_003037_01_01_100mm_C18_15min_DDA_ELON_pos.mzML,4c4694ba3bf3cd2d89be38a6f78fb47f62e7d98a,5b4d7ec69a43a9f34e04942e376b59300441615a
20240405_EB_dbgi_002872_01_01_100mm_C18_15min_DDA_ELON_pos.mzML,522124e5447e67330d3349eddbd9d11a956a933f,004f8437d3c091d8308696eabc3c1a2177ee206c
20240307_EB_dbgi_002628_01_01.mzML,3328de4e39b86208a2148c1c9d705706bcf59aaa,478d1aba5108ef2894228136376a3378ffacbbbe
202404191203_HC_dbgi_002774_01_01.mzML,bda0dd370d4f36827f0187d376c3ff1ea46583de,d7f4900930fa9ee1da11562f77039c22335089ad
20240405_EB_dbgi_002973_01_01_100mm_C18_15min_DDA_ELON_pos.mzML,27bc0e21e7a569ec9b5ddca89da8542b0f218669,f413b12d835ad773806a316d198b453b7d5384ae
20240307_EB_dbgi_002661_01_01.mzML,d83321d476b35a9e62900e225672b5e19d867fc5,4012578dd707a39b83a2914bc794f7621f724146
20240307_EB_dbgi_001215_01_01.mzML,f3bba07366cd2a67a6ef144d1da6306b7a71c071,3e31a56835d044d6df37df716ae5f7e2ec60a69d
20240307_EB_dbgi_002523_01_01.mzML,cc6959e66dd4005bc67e41c488902941b215f640,7cf1ec3c27e77aa722fc202c46be386f5a78f046
20240405_EB_dbgi_003095_01_01_100mm_C18_15min_DDA_ELON_pos.mzML,b20b2b519bc82abd8cdaa0332dc8cd6f43b29fb1,83a4d92b5860560ac1b16453ed34a45db562b347
202404191203_HC_dbgi_002964_01_01.mzML,3a6bab550efd6784b35d01c90277dc180c4b2ec6,01f30dfdce1a01ef56c40983033da15d7a701765
202405081555_EB_dbgi_002313_01_01.mzML,93a219ea96ca132d63a5b3f0c4658760e30b899a,f5166016cf4d7bf101e58b0d2ea057bfdff55e95
202405081555_EB_dbgi_003026_01_01.mzML,ddbb19d58d2d94f995162f68f42ca25520b3ae76,c909c36be7efacf3088e954b2b753d9bde3273d3
202405081555_EB_dbgi_002719_01_01.mzML,919e5093448ca5a1425efacf597c8ab66fcb974c,4bd7ffaae4ff885c6d6f3767ccbd608137a8f969
202404191203_HC_dbgi_002878_01_01.mzML,b821a9b430fc10ea9ca8a83855918ed966676502,f9cc0eb094968f7a9b1ec87cdcf25a2451af6735
202405081555_EB_dbgi_001751_01_01.mzML,81bfe17c5fac6c5cae58a590c61891d6fa3e594d,df3283c04289b85afd64b955f44a66f1fc634b19
202405081555_EB_dbgi_002580_01_01.mzML,bad1d89fd736ad0a45b7c13ecfdea424b4063e5c,57499f7bdeb7bb0c99a8cb5a4ba112d463bc6861
202404191203_HC_dbgi_003212_01_01.mzML,14ed2269e8c8d5d6a9a90d4cd73c89d9f6cea348,54dd34e28aa855161b0f78192d0b295768637557
20240405_EB_dbgi_002846_01_01_100mm_C18_15min_DDA_ELON_pos.mzML,83f97e66790cb12ad25a56685e72ccb5c401eccd,bd9b8e35b9b6f47549dec265455f796cc317dd29
20240405_EB_dbgi_003120_01_01_100mm_C18_15min_DDA_ELON_pos.mzML,214dac9c13082827b6141a424c6d63c9cffa559c,d137f49f9e03c4ba3bdcd96f5e785df8abf74bdc
202405081555_EB_dbgi_003000_01_01.mzML,f3d0829b9a15d743be1af82e5599c2b7d5e7b83c,0d4d0dc7a98117cb3ce337432a40ddc34cb373a1
202404191203_HC_dbgi_002816_01_01.mzML,52e6241dc9382d094251ac4ae38315213c40b41f,2a5fdd175ec8dadd0bf3b12579db0d7de16ffa75
20240307_EB_dbgi_002489_01_01.mzML,0c041b2cd82b1e1a17bfb204350f0da300a9edc9,692dcbb5c714750e982d51e225e934fad4c9ae1a
202405081555_EB_dbgi_001913_01_01.mzML,93fd3d5c96682e7132ca3a8c0e9752d55f4fc11c,e366249b7fcffbfeb6bcb9e07c4b4c83958b4cef
202405241509_EB_dbgi_002583_01_01.mzML,8ef7458b3c715416593e10e3bb2f2a8c80c06e09,18a62c2567307251473f61877f5a403a49bbc583
202405241509_EB_dbgi_001769_01_01.mzML,070845c131a72ae306ddcb75c8718864add43b65,60994b93b62936a81ed993ad6e2b88f089922577
202405081555_EB_dbgi_001795_01_01.mzML,96c58f8575b134add15a96dd5f0cfb978bb588ea,c23aac752cbba2af8746ab183647370d687e4c3d
20240307_EB_dbgi_001805_01_01.mzML,58eea6772c83debca10b6f0f6eb7443b622de8e6,99c18d56d73124283e3239fdc088591c946505d4
202405241509_EB_dbgi_002591_01_01.mzML,c766d24ad73b00fedb1ba7b617664613ce45078e,0e79ace40a6b2a22fb2e66f74394aca2e5124dc5
20240405_EB_dbgi_002831_01_01_100mm_C18_15min_DDA_ELON_pos.mzML,6e4c116364d2651682c05e948f193ae2c8009496,920dd9db97202490234c21e09eaaa994619b522b
202405081555_EB_dbgi_001840_01_01.mzML,cdca8b2b9cff769b8d3a6bc2ef216e90a1a3050a,acf64afe519c5e73ccfb00a3c2418b79c4510851
20240307_EB_dbgi_002702_01_01.mzML,7439494e4cd54bfcbacd53f090a688e15a7bf0ba,3c6f05c21e43e547ff3b68b347a38d266d342db8
202404191203_HC_dbgi_002974_01_01.mzML,b45afb95e5ebdb6a4defe08174c73a175d9e046e,b0c04d4939c3b6601f3977a37f5d96a010d35a0b
202405081555_EB_dbgi_001856_01_01.mzML,ac6e53c21e0e62bd357534ff79234a0c5a24b937,66ee29e5211a5b51268e7ed98c89a9e3d651dcdf
202404191203_HC_dbgi_003217_01_01.mzML,9d9ff66cd67f6b4852927957682c97386edd8bed,ef5c4f6c22a0396c7406ae3eed910da57e91878c
20240307_EB_dbgi_002483_01_01.mzML,1f353e83bd708a503911a43f116c060073ae443d,cc8435fd39a801411396e2cc6e2285235e63c821
20240405_EB_dbgi_001898_01_01_100mm_C18_15min_DDA_ELON_pos.mzML,5f8d5ac24912a926679d8200b9c7c9eed707d2d8,ae980152d3778b38ebf99a356c3bdacf1938f6bc
20240307_EB_dbgi_002699_01_01.mzML,da075ec7e67992aa2203bc3430cc224f166a603c,feb341d0af370be78419e4a534844127f400c7ce
202404191203_HC_dbgi_002827_01_01.mzML,f4e39fd8b291f59c7f1d5b02ce1beb0c4c17cd02,0f45b47769d16b0f8f6c31219c8173c34edfaf32
20240307_EB_dbgi_002623_01_01.mzML,302c2e18887e3ae70371ce1ba00f08cc97a71328,de75c3813d3e7cad03abd3d7642bf41852ec44e1
202405081555_EB_dbgi_002590_01_01.mzML,d5f5a860c37149fa4b621c97065e91f3e86bb5c0,f2420ffc0021b642f5760ad8e6c4a8d87b121c6c
20240307_EB_dbgi_001867_01_01.mzML,a12bff8fbb6b519a419416adb774e7eb208fede4,e381c425036deffd103378a2b71d12fc024668f0
20240307_EB_dbgi_002272_01_01.mzML,94dece60d541d53a1879ec6e9d87346dca5abd94,1ff7d3b972e58cf915beab9fe447aac7218ce001
20240405_EB_dbgi_002506_01_01_100mm_C18_15min_DDA_ELON_pos.mzML,72a72a4a88812892bf8540fe0d4083d75b3bc5e2,a76531fd2b57e2bc50ee9662daf68a76de411048
20240405_EB_dbgi_002836_01_01_100mm_C18_15min_DDA_ELON_pos.mzML,9e0c7e6aa70e49a06ab6157fd95bb5c8890aab6c,ecc8af7465aa41ce7f6621e47448ba258ecad75f
202404191203_HC_dbgi_003109_01_01.mzML,83541b505c4b1319c706126c842ee01239431222,11c3872cea210eb8321d8a02f84ff6d72ac12861
202405081555_EB_dbgi_002621_01_01.mzML,fc708cb4793ac0fbb2729a44ebbcbc8f1d135ded,5e28f2f3cf27515ca8357f536a3bba8d06fe2a79
202405241509_EB_dbgi_002285_01_01.mzML,0b819246cd15f6a2a88ce9f3e6d43b6a5e42d072,81248db0324df982c65144d01a63da25b310ae7a
202405241509_EB_dbgi_002709_01_01.mzML,c63f6a411e866dc889709e0f2c9a54fd5e3324f9,8fa43813862fb0390a52f53ae3ad6c918f166613
20240307_EB_dbgi_003013_01_01.mzML,9481f73251c7266a2e4bdf5aca13cb4aec3b5369,2a5e00ba20b5bd36a133e86435f3094709dce259
202405171439_HC_dbgi_002789_01_01.mzML,3cd5eb6577fb85a61c49149ee5060c82f8b4ce22,cda9a925645ad54af9425d7f3b14d681cff3e380
202405241509_EB_dbgi_002472_01_01.mzML,eeaa82e3e5a5bfc36a5439716c12161ee69f942f,300ae4d97b1063bca3b91a0ceefe8b33c9a51ee4
202405081555_EB_dbgi_002479_01_01.mzML,50d5e1da3730cc48ac9a0018d9d5192c56d7d5df,066e24b3482e110bff876554179070e5e7550aad
20240405_EB_dbgi_002823_01_01_100mm_C18_15min_DDA_ELON_pos.mzML,e9ecb47b06d58dc81b2f4eda38cff9a34f0aa07c,1bfbfcf31dc53382e980bf0e61665a3aee0591ae
202404191203_HC_dbgi_002900_01_01.mzML,e707f14e2f2fd4a8a4b4e7d816a5eab20795e4e6,9cb12e4216816cebcec459aa7925e3f73fa35b6a
202404191203_HC_dbgi_002750_01_01.mzML,336a1faf4afdbde8252fc9be0ae4fedb3d246a37,960f99a4c5a92dfb8666be250673b28b2f2c04ac
202405081555_EB_dbgi_002339_01_01.mzML,5356924458cd653030988f93dbd094af3ef7b394,824b8a8780f26fad707e66fbd747407decd7ba2b
202405081555_EB_dbgi_002960_01_01.mzML,e8c287b018523312eec964a50140fea632d20d57,8a2dc3785d85bbb659735c421791081607cbdc35
20240405_EB_dbgi_003027_01_01_100mm_C18_15min_DDA_ELON_pos.mzML,77a00b148b94377a63f967108fc92d83d0b0fdda,d4d8a727d3d01edf3068197237243f14cd42fb4f
20240307_EB_dbgi_002288_01_01.mzML,2bb2760b66a094902e38ac3d714e1db934db89a9,109aaacac0630d28859566ca6f836ffefc11bbfe
20240405_EB_dbgi_002818_01_01_100mm_C18_15min_DDA_ELON_pos.mzML,9e2dd2ca6203eedbc9bb882daf915715d8cc3d8c,e64f1c6b4a81a199784c2740c226dffcdb60efed
20240307_EB_dbgi_002727_01_01.mzML,0894b2cc65981e9bfb9a886c8a4b950317dba641,e1f4f762ef33c69b9119ce5c0a89ed4a5b9ea785
202404191203_HC_dbgi_002859_01_01.mzML,bcce56f66bc82ceb4eca26582f940b7ad3b35153,ecfdc2c02dedb24eff2d99268e2deec5aa374926
202404191203_HC_dbgi_002444_01_01.mzML,74953e7dcdfb037faee93ecf918149edf0f1c66a,794fd00d4dc90c6a4d18f2c0e5fa61fa4b7fdc47
202405081555_EB_dbgi_002360_01_01.mzML,059cac2acbe5eaf4a5af374f2a6e2a51472612d1,4fb044372ba0e830cc979e2309587434f0f83878
20240307_EB_dbgi_002624_01_01.mzML,0f55aa44235c501790f2da52649813df15a7a2ce,80bf6417b6716079196f08ef2abc3caa7a90a6d8
202404191203_HC_dbgi_002770_01_01.mzML,f0f19fb160d6777dcff5d1f5f72d7a71d064e340,ce0cfdb9afcd09a5d35cb5041593bda7e5bf8c08
20240307_EB_dbgi_003021_01_01.mzML,d448222352454d2c788c73902d90fd675add4626,ba73feff0caee8e82d6402d481f977db2ea1fb4e
202404191203_HC_dbgi_002764_01_01.mzML,eb0dab5f9d367ffbf99fb2bb97684f224f0aceec,db2f870e88aa621d9381ca32fae022c4a18384d8
202404191203_HC_dbgi_002943_01_01.mzML,dbda65f8bdb752347ae805b5b82f85818cc065b7,f1e25de2393b07d3c8016668e196fd6b82a992ec
20240405_EB_dbgi_001927_01_01_100mm_C18_15min_DDA_ELON_pos.mzML,0e0fb30653bc68319b71b74248462f0c81dae292,1e6d69cff8a7a996b1be488e94c46fdc1b08bf39
20240405_EB_dbgi_002467_01_01_100mm_C18_15min_DDA_ELON_pos.mzML,19b8e77a8df999aa83d8c613167f278ec2d02a19,a95e6b40d95ae5c1ca748d485eb50597a6eec6f8
202405171439_HC_dbgi_002826_01_01.mzML,9acdd8d6693b275e980f9eb9e9ccb1f0af324234,c13ff70e96dc680e441707cf32ee7b7a5e6d43b8
20240307_EB_dbgi_002425_01_01.mzML,60ac34dcfc0073958809d99d98b3e1015509f09b,f97ea8a03b9904657641bc9e901a6416dc3b6ff4
20240307_EB_dbgi_001893_01_01.mzML,b9e75688bb163bb9635cf0a39896f6de990dbfb2,5937b34e4395a7a60a5846b00c2e6cb298fff3ee
20240307_EB_dbgi_002671_01_01.mzML,2123211bd03ab2493b3400770d7ab3303d13b755,f49a7af0c2ac80baf67263b0a3389e5d10af5f03
20240307_EB_dbgi_002643_01_01.mzML,135dd681dea6e2083f9f0c9c61f8f3f2ced8e295,cfb15cfe08518b065b5ed9d6a37a5df90ac52615
202405081555_EB_dbgi_002387_01_01.mzML,ef77188a7728ed044e662113c6f3904d9d1ffe48,d92782232a663ab8b29d11b02778ce4b1141e229
202405081555_EB_dbgi_001771_01_01.mzML,3ece10a4f3b56e8231fddb3db4b13a5fd842416d,f79e1120548ef78f13c5ccf1c76f7701028c8d02
20240307_EB_dbgi_002532_01_01.mzML,0e9fbac90b7b5d1c7d4da548bd67c393900e20eb,62162259d6ed1c2d7d4bbf5732c224494f02414f
20240405_EB_dbgi_002855_01_01_100mm_C18_15min_DDA_ELON_pos.mzML,f4761c10937ad437a032747b8b68c0278ffb8a25,fe6ce0d4c68b4a9c753b03b7285eec69026c3295
202405081555_EB_dbgi_003008_01_01.mzML,9b587601b2e3a4e8bd18dc1ddafdd36fe6a762dc,36dbe1d6f73165896b2af2d8e47223a2604f4d07
20240405_EB_dbgi_001855_01_01_100mm_C18_15min_DDA_ELON_pos.mzML,c2d37ca58331820a946d7cfad92b6ec29fde6185,3a433ad1f4b60bbeb3ac20262b403444f6be938d
20240405_EB_dbgi_003001_01_01_100mm_C18_15min_DDA_ELON_pos.mzML,685b1878cc2fd1c96d6c975eaea475e7aadb56e1,2e4d44e5d4f52ab549297151c0a0a88dc3153502
202404191203_HC_dbgi_002814_01_01.mzML,37f0693a0b3120e110b229bb0be2f9df2916a868,1a981f70ca2178ef4b11d5afaebb661fe7e30c48
202405241509_EB_dbgi_002714_01_01.mzML,4d5af25634fd0dedb145f179cb5a102e389085f9,afe3bc229187a644190e42afbbac284b83f6c3e8
202405241509_EB_dbgi_001872_01_01.mzML,baa55a7b0a1c061c20d6de4d783f4a4a52f68971,0a3930b326d097882071b0f31b43213fbe649637
20240307_EB_dbgi_002972_01_01.mzML,0d151ce04d8487f5573fbf054a3b8c925f90c535,7bcdbeca30979d9bff1d4d8ce81b78cee73548e0
20240405_EB_dbgi_003070_01_01_100mm_C18_15min_DDA_ELON_pos.mzML,7e8cdcf40452cc6d3ba24512fa098a4e1e583455,5bb3a4ce1998b276f295bc63e40090dff5d8e66d
20240307_EB_dbgi_001915_01_01.mzML,83cfa298ced04c53d3363c0ef2bda08d87b9ede3,31eacf3f4519417f28c33ebd90cc4014ae628b6f
202405081555_EB_dbgi_003031_01_01.mzML,52bc3f40b9232fed3acaae8afd3b8c131740ef87,a1218db8a7568153eb87504201cf9aff9c1b1539
20240405_EB_dbgi_002511_01_01_100mm_C18_15min_DDA_ELON_pos.mzML,3a607561278d560179b2a38acd50e5c6cb30d5af,a7091c99599cb1cd7c3197e0f1342721dbad4deb
202405241509_EB_dbgi_002529_01_01.mzML,cf325c9113ae68b2d713cf5511b591023a6f00b5,ce87ea9550c1bf6690c99dc7af478ea871c0c384
202404241651_EB_dbgi_003206_01_01.mzML,24b720129a5ba5cefa1df01b3c4cfe3f16d9097e,548df82e205dbb50a6e66e78b7d857f729799d3f
20240307_EB_dbgi_002482_01_01.mzML,a03cca45b80ff282100a42d658623d91b34ff534,932b5825d5c6ec9e54368984117e9fdc4dacbb83
20240405_EB_dbgi_002475_01_01_100mm_C18_15min_DDA_ELON_pos.mzML,a05bbef26afdb8b74f92985253b2c7b1c2bd79aa,5e1d18d9759b3b677ff60ba04f0ffd3da4dcae2d
202404191203_HC_dbgi_002782_01_01.mzML,6359118d0fe97c48bfa401487ec10945c84bbd73,2fd8329b739769694eef263894c7ad5a99b84435
202405241509_EB_dbgi_001783_01_01.mzML,a3c4efe2e9a86282a77a81355c4aa0c0a08980b1,640f5e9b1de472d3c2165b3500471bc3d0cb3ac9
202405081555_EB_dbgi_003009_01_01.mzML,eec226b76ce7fa062efb86cf949c05360c5df449,b043a813f2f749dfd81b41ed9c4f30a6a4993179
202404191203_HC_dbgi_002801_01_01.mzML,0ad23a29af428ba5968dc7d3ff2703da0eaec785,d6bcac0b9e04f0cc5d54dab5d8c044bf9fbcb0f9
202405081555_EB_dbgi_002609_01_01.mzML,89ae95e29a7fdda4c696012fd9183c3c5027a048,bb92425ce5db87d586bfb881631dae8f5e0056c1
20240307_EB_dbgi_001935_01_01.mzML,98c343151b6e7f84b23ef53faca48222df3844e2,d5f0b6069a18053f7e6a9fd7806bd001888c8f97
20240307_EB_dbgi_001859_01_01.mzML,41c0761533b2ffbe8a30a6d7aca0a6564a77993e,8fb87bb4dd6cfe47392c3391ae44d9e891611abe
202405241509_EB_dbgi_002736_01_01.mzML,8d6b92bfb38b9ee56e743a514bdd51cd205e8952,be5bd1462c7410c4d87404a76e3c8b5b8bac777d
202404191203_HC_dbgi_002952_01_01.mzML,e8a920ac15d2e406095f60a727cc9372d24221dd,1f68e85efc1b2b8021d89e47f39d0cb6aea8ddf0
20240307_EB_dbgi_001838_01_01.mzML,75990f0564a1226ae750e67369fefd2b255e85af,e6fbdb6d20916a3cd9e8f0f6705ad265b4149413
20240307_EB_dbgi_001860_01_01.mzML,21af4dcdaf548d8bfaae7220ec9402f7bbb8e672,96be10a56aab81983598197be116667f8d810f9a
202405081555_EB_dbgi_002935_01_01.mzML,f4e5503a0a4d7648b75b558e23f50306b09598a2,909b2683851ac6d717ec35f7d9d2506c152ca475
202404191203_HC_dbgi_002768_01_01.mzML,10a7de7f04b833ca016404175b543ed05ac33416,515c604b081f4d4c58bd4c95f903b6ffa7e1d48f
202405081555_EB_dbgi_002251_01_01.mzML,506b68023bd2606dcbfc45b90af0733652654f65,ff74acdf09253c860964b8702bf33634a1670115
202405081555_EB_dbgi_002554_01_01.mzML,7a38950f97bd18b4431b85c592ef1f7f87fdaa8e,cff8d492f70d69293f4d9af587429bbf1ed333d1
20240307_EB_dbgi_003046_01_01.mzML,e5783fab6e7c66dad5e3a39276e19ca6cca15b6e,c161786edc016db35225628001334c0139ec6f00
202404191203_HC_dbgi_001794_01_01.mzML,1178677b19da21c1f4bb7e59977f508faaecb98b,8b92781aec7d2cf300231a7421e5456f567c5eac
202404191203_HC_dbgi_002881_01_01.mzML,979fdf92c0123d947fae98f9ae91c15b2a5a83fd,14945783d1678881990cb7b11ee2f301015d8054
20240307_EB_dbgi_002732_01_01.mzML,426cb942a6594983604515aa5f82a18cf9cb4bd9,31d1090d470a1258624f0dc23d90936605a8d21c
202405081555_EB_dbgi_001839_01_01.mzML,fcbe576d27022656fa77d0ded0ebd60697f384a8,723589363883ffd7f0b6722c1b0b99f67fe1ce93
202405081555_EB_dbgi_001784_01_01.mzML,cc796d69a5d608a46cd6e89c9163e30d85d0a0c5,f2753e7a3f9a78ea7ed622b7aedec5afefd53c17
20240307_EB_dbgi_003040_01_01.mzML,462df7c38d4d9f6901e6b6f389d3ea8f9c7b760e,0c05887aaf83b86bfe07b38fe81f42a8f962568e
20240307_EB_dbgi_002332_01_01.mzML,29dd9d49a99193e9a9c963ccaaedd9fcc7c07955,a7140ba76ca3a7b280ef0f18b137dea99635cdb0
20240307_EB_dbgi_001862_01_01.mzML,1e49513e5619e7309b3d62e40e64e00eb9ad0aa7,cf4bb6b45652d8f8c63788f0587097c75f004332
20240307_EB_dbgi_002374_01_01.mzML,954af0f25267d388173b4c6dde653209321e9235,6101b4d6e1288dbcba9303e696a9f0d6a9619cf3
20240307_EB_dbgi_002622_01_01.mzML,0ea6d6c889894f7c384f2abefbe88badf3b91759,62d51dac1127da398055d105a6ea18b583249bfe
202404191203_HC_dbgi_002880_01_01.mzML,bee6fa7e10e66fa4453aba4424ed6bdc5822b789,272630a47bebc081756672951dfe7f1b24b215b0
202405081555_EB_dbgi_003004_01_01.mzML,a9715de2afb1ff3433cea86452977ef98917c16f,ef5436932fc61dd97ce05694b5cc4d58b07f8ca1
202405241509_EB_dbgi_002730_01_01.mzML,39ad6daaab0eba5a9a0e87e2bcf73f2c1e25c3cc,a19e6f3e88fa806e598fc4c6556e12b00adf9c60
20240405_EB_dbgi_001933_01_01_100mm_C18_15min_DDA_ELON_pos.mzML,1e488e6ba8f755e470adad48a0b97924a1144e02,d1ebc407a4983f10ea1b712d377780fa214e1d27
202405081555_EB_dbgi_002453_01_01.mzML,39851ac8eb2948160d179ab45343175ac2513696,cd7896bd903d012fc81607a16d53b936f70bd69c
202404191203_HC_dbgi_003202_01_01.mzML,8ce6f577b1bc7ceec1b2ce672b3fd34dc047c1f8,afa7d22f7041eb20927fdad7d4df0b4adbffcf33
202405081555_EB_dbgi_001919_01_01.mzML,58bd3d49b518e9bef145532d109a0824e3d2bd54,ff002dc3cff045e31ed1bdc2f9f5fd9b00307f71
20240405_EB_dbgi_002754_01_01_100mm_C18_15min_DDA_ELON_pos.mzML,40015f40f98702c075d1de06db5f303b06437a22,46f45b2b3fb17d41b354998c4cc918257fcc8b7a
202405081555_EB_dbgi_002458_01_01.mzML,8fc16363b9e610f13ae85481876dd507f0aaec48,66e31938c2647c9babbea78f63caa73358999e9d
202404241651_EB_dbgi_003169_01_02.mzML,3be0791f236194d629e9ec56760775e67429ab82,345f679513ded10ad3d272a1fe45435fe8426214
202405241509_EB_dbgi_002471_01_01.mzML,32454773dbc36090da4b17e144be9423bd886971,2bcb41d8fcad6cfcbcae90e93edbdbd80e8d457e
20240405_EB_dbgi_002740_01_01_100mm_C18_15min_DDA_ELON_pos.mzML,e9cdcab39b8c121a73b6de03d1761fe1901c4962,0aaf5affa3acd90e523889e327ec4301614280ec
20240307_EB_dbgi_002493_01_01.mzML,163c5351fbb1c28f0009ccd4aa6dec7ab548463a,a5c2da263cb7bde41b60eb5a9589dc4c32c4327b
202404191203_HC_dbgi_002886_01_01.mzML,a8ff38df6afc86bdce1128d111659f045623b346,bd8091e0856662d5ace67f5a490321a21e90b90d
202405081555_EB_dbgi_001759_01_01.mzML,319e51f601c2ba120cb09861c6b43fdf69a23682,f304b52c785b35ef3f6a8aea31812bd8de2b110f
20240307_EB_dbgi_002728_01_01.mzML,d8aaf6c91f9534ea69e93bd8327a1406adac40ef,2275b8769a6984cd4ef0474269302c55dfb930d9
202404191203_HC_dbgi_002776_01_01.mzML,d19c91101dd893c0542783e7e5af5ef5fb6cc4e4,de7d610d5296992cfa76b8667366689cec398d6c
202405081555_EB_dbgi_003019_01_01.mzML,6dd566cf8c32c853fe4c563a50d37127b544b349,e5e7d2d7a1093a21151ed29b80fa7b4036869e17
20240405_EB_dbgi_003002_01_01_100mm_C18_15min_DDA_ELON_pos.mzML,d710634085a84c917fba70d7296b2f48319a874e,b9028de8398fffab85af2003706b5cf7ae9d1bea
202404191203_HC_dbgi_003114_01_01.mzML,335ac580c6bf2aaf976fcc49dffe6ab853db5776,e8b692464a00a7d5282b8bec2b30f681eada61b8
20240307_EB_dbgi_001804_01_01.mzML,479ab279336da74aa7a2176bb99b13dd9214b5b9,40a8ff8a9148ade3ab69a77d49d42dc9202add46
20240405_EB_dbgi_002508_01_01_100mm_C18_15min_DDA_ELON_pos.mzML,5ffa7cfc437cef1d9f298abcade50a2283060fa8,c64e7265ea495c7c47e12daf0c390cd73f938cea
20240405_EB_dbgi_002651_01_01_100mm_C18_15min_DDA_ELON_pos.mzML,29ac0e8208935d56c24a2388cc186b38d0beac37,6b0915134c07f33965e723b9c5006516562cb614
20240307_EB_dbgi_002521_01_01.mzML,5dc0f6b6c8efef829b1590ba802a7f0a9d4ec8e7,8a1465a10cd077b50e19f6945a1a1361fc7abd55
20240307_EB_dbgi_002665_01_01.mzML,a47a49aefe0055a6fae409be4e7ec73efa38e105,4007b0e92b8fd2fd365f809ddff43dccf8c3c548
202405081555_EB_dbgi_002594_01_01.mzML,f12812b7d1a756b8478c5462516ee8ec0c48d0b9,9dee81f0086af65d98df1fb013ab702420dbc053
202405081555_EB_dbgi_002934_01_01.mzML,37421b504bfeed9fd889ccb8c3e2ce56dc1328f2,004cee38796f3cfb643e7cfae5fb4e2088835efc
20240405_EB_dbgi_002476_01_01_100mm_C18_15min_DDA_ELON_pos.mzML,7c4442f2ddcd9bd5bf19f00eb751b81e24ff7bd2,7da2428c3739c925ebb69235e0618ec0de23342d
202404191203_HC_dbgi_002848_01_01.mzML,183c7c7ef0c79bd9ef66ca44334de26d8df5649c,755d23beaef82067b618a536330212d66c57aeca
20240405_EB_dbgi_001812_01_01_100mm_C18_15min_DDA_ELON_pos.mzML,d1dda3150aa8346f4b35be30dd490e24242b16c6,896bdc46ad97681efe87049b0a68613ae27722fd
20240405_EB_dbgi_002552_01_01_100mm_C18_15min_DDA_ELON_pos.mzML,f6ee454169a017c374f65a7a98025e80b99fc8c4,ba2748783b7e3899ffb028fd2192f8b248be4b78
202405081555_EB_dbgi_batch_blk_000002_01.mzML,a66c5944861e2627066fc1899fe99d78f9871cff,0ad27d311465932aa2de93a63ae944451aa72ee1
202404191203_HC_dbgi_003134_01_01.mzML,3a1719f350a95dcd97b95eadc78e8c3da467f91c,9e35fb0e605293065e28ad19eb52ff3b8ddd86d2
20240405_EB_dbgi_002395_01_01_100mm_C18_15min_DDA_ELON_pos.mzML,134578cfe7f7182c2bd8c43f7a0bcb1d903b582e,0e7a90b042ad3a4260369d11333d1329839b29b8
202404191203_HC_dbgi_003115_01_01.mzML,0ff4b99a4a8a33c6f78277c08ed6f0823cd4e873,7be1d35074221b937a645327f6ca626795c92019
20240405_EB_dbgi_002779_01_01_100mm_C18_15min_DDA_ELON_pos.mzML,98d56f1634edd6b45db811815b60bc0f8a80375e,41dcd95915573b7087baf16acf6fb5fead76e81a
20240307_EB_dbgi_002636_01_01.mzML,97046f4aa00be6acafff33098afc5feb2c0ce729,d18d0fa468002fead544ad761f67317cccad3f49
20240405_EB_dbgi_002261_01_01_100mm_C18_15min_DDA_ELON_pos.mzML,604477ee7e35a1254f26b0c8592e178761953003,1e7615887d16962ad8334386af4b26ed7f79261b
20240307_EB_dbgi_003039_01_01.mzML,f556837aaa3e6f3cee0b37fd1bf992c8fa329d8b,d9c24d97802d1d009940459ae752f7e8c7e42804
20240307_EB_dbgi_001857_01_01.mzML,5a170037a52685f3045df0606493bbd5435067a8,8056636814913815a493fb44fdde7eaaba09be17
20240307_EB_dbgi_003036_01_01.mzML,06781addf27ac3117318729b068337d747d1f2b0,18b3e807b8ddc59f44aededf7c33b09852a78fc1
20240405_EB_dbgi_002490_01_01_100mm_C18_15min_DDA_ELON_pos.mzML,3b63f9a3d573e82c341a9a3543efda5ac8925249,ad171f5014b012cb7e4921fc079a249d9cac097f
202405081555_EB_dbgi_002627_01_01.mzML,cb11997f365b55d826c19d6346662f8817e4287e,caf2bbbf4c91471553b8ec6ac9a3afc5e112cac4
20240405_EB_dbgi_003017_01_01_100mm_C18_15min_DDA_ELON_pos.mzML,6bd791370fe953f63f2b76faf2ffd7c91ca9b200,cc6940929c691d93ad0283e241530dee9065c4c2
20240307_EB_dbgi_001841_01_01.mzML,e313d5911805479393dcc54ba4c521d58f9e724e,fa94f38c753ee3e94baa2d070a2c42e048546f52
20240405_EB_dbgi_002500_01_01_100mm_C18_15min_DDA_ELON_pos.mzML,45c731a964e0bef20dd76a87379a759cd659bddd,c0cca3fb14bd70d10d3de717eedd3eae3c0e3e45
20240405_EB_dbgi_002928_01_01_100mm_C18_15min_DDA_ELON_pos.mzML,717b2acff45798ea8966e48b954d9f0f4ea9e4b3,5f98a7badb885ea1a945eed7863e1705c484020f
20240405_EB_dbgi_001880_01_01_100mm_C18_15min_DDA_ELON_pos.mzML,1e778b9c59c0cf9e19cb3480ad1a0565a1711904,0e9cfa140a02e60dfd056586f406b697343b9d88
202405171439_HC_dbgi_batch_blk_000009_01.mzML,2372b29ba3042f485dddac1f74e3236f7357cf6a,d806110dbcc59ce16354d98b6eece75295e8584e
202404191203_HC_dbgi_003080_01_01.mzML,29d5ea90c176e4999368d9b8d001189d64dfa32c,e78599abf557a661ce6da8ab9d8e1bb062c58090
202404191203_HC_dbgi_003023_01_01.mzML,2ec9d64e570a224e9777938e6051f20680a3809b,eece8b565f9d7522ce57bf3f4681a494e079f3e2
20240405_EB_dbgi_002749_01_01_100mm_C18_15min_DDA_ELON_pos.mzML,16f6f681b76d901d7a59738334542531b044015b,590449c242aa75e8a04bc8ca88ed546233809966
20240405_EB_dbgi_003053_01_01_100mm_C18_15min_DDA_ELON_pos.mzML,3b1a5de1f1d1d65409e69003428ce540bcecfd1f,1f6c0d913d5d8e1fa2af2d35823fc3e0389d4e2a
20240405_EB_dbgi_003047_01_01_100mm_C18_15min_DDA_ELON_pos.mzML,2b7e8cfdfc607c8936c2f2186d96c2bb58e7384c,1697185f9bb9bd8cfa2c55716165da115ce88eb8
20240307_EB_dbgi_002715_01_01.mzML,11832f1d17edbea822eec81e723ad6d67fb0dc28,9ca85a5afa96adec104ce4fb90a9037eb187029b
202404191203_HC_dbgi_002917_01_01.mzML,21e12f5bd3b8723ef4b69de20ce35903cee6519d,863b0073180a6e1eca9220385663c45e65c7fbcb
20240307_EB_dbgi_003058_01_01.mzML,a2b23ada8788d762b5afa878094c4fc52eb61ff3,049f37f48e8ccdb1bbc1fe19c8aa2cf885843793
20240307_EB_dbgi_002437_01_01.mzML,090ecf9c54c211885c9bf57beb3f9a5c44456aea,546812e1cf7d77131d3ea325fd7dc3d56ab9a3bb
202405081555_EB_dbgi_001879_01_01.mzML,222703cac47b66b99981716d3ad86ad43cb59d0f,bac13d4fb10d2589318c2079713b5e01831bb819
202405081555_EB_dbgi_001934_01_01.mzML,4e2f3dc24e53ed66f96085885d3b157ebaefde41,18a70789299cc1d59c8bca2c4dfab8e893e2b5a8
202404191203_HC_dbgi_003192_01_01.mzML,3e15b7b526cd16f413efa082b68b205632b41d92,3aba7e954a5b13c7e7c0473bb26caac55c4fc6ba
202405081555_EB_dbgi_002955_01_01.mzML,fca54030324a4876a16415c47ff5b345dcbaf1aa,ecb5fe224aa7015d8fca30ea0859a5c33b81f507
202405081555_EB_dbgi_001790_01_01.mzML,2acd1b275223f22145575e01aade839d6756733d,795caede033701d592f3892c8981f5b92f187e99
202405081555_EB_dbgi_002988_01_01.mzML,c469ae897e28ac4082fa7b40c93a5cf7df50bca6,1964944be9a23cd321f6d5391750c2f436e8ed74
202405081555_EB_dbgi_002669_01_01.mzML,1a5b570eb91e8b2b337d93513180566ba1804784,7f101f68f5ec6baf9445f2f9b9e36106599f4a49
202405081555_EB_dbgi_003066_01_01.mzML,2983d78fe66aa0c0646b0903b93261fc9aa04f97,e9430c22261480dbb467c4407a1b2b540ab6ebcd
202405081555_EB_dbgi_002716_01_01.mzML,784a67aa3593017f46e6a227327a2cedc85d13dc,044adebbf06d076a5f6a991163fb66017f128f8e
202404191203_HC_dbgi_002938_01_01.mzML,9800ac838a553d73ec9f4324c76a63856e5f6411,2c35fe571b24971e36eccdb150329e4c7ef38f88
20240405_EB_dbgi_002834_01_01_100mm_C18_15min_DDA_ELON_pos.mzML,7e105432c3914d21a098a0b2bc73ee751bf54ce1,79a6dc8f8d1c5b8b41c3aeeeaf1ea2de85760df8
202405081555_EB_dbgi_003020_01_01.mzML,3943f8c7b4dec22bcc15603b907113c38b2be686,1c5b9f4e6b36af51a772e38faf818fb682879c5b
202404191203_HC_dbgi_002932_01_01.mzML,0e0126e5a299854c353da298d462c433ddb2c7ea,230411ad96f027ba8591ef20c463bb713c599cdf
202404191203_HC_dbgi_003126_01_01.mzML,9a263bd0c769b1bb3a3fc3ae63d9debd02353077,3cdfaba0c2504058673531857a3ec27b97ccc82f
202404191203_HC_dbgi_003069_01_01.mzML,4030507b3a0c255fef6e4637954f47a01b85463b,2f8bca28db2652c1398b75c4b47e6aaa7b94f15f
202404191203_HC_dbgi_003007_01_01.mzML,a653c6cc74f188a8cca817a7c277ceeba5a0406f,d8eb2f6f7d72d56a5a68ea173c1466bf94fa6192
202405241509_EB_dbgi_002480_01_01.mzML,5ce462787f25558ea202f6978a1bf0048d5a873f,7f27ec73799c99ec08490aa9449eb803dd9ec65f
20240405_EB_dbgi_002902_01_01_100mm_C18_15min_DDA_ELON_pos.mzML,7a706251aa2819c804197839b03004edf9d8a40d,b0ab73216484d3808bf5fa572473d99f51ba3e52
20240307_EB_dbgi_003010_01_01.mzML,6ddc58c8d1b0a1865b50cae8b8f30ef7a045bf14,128645f62641b15fb433a62e944ff34fd86441b9
20240307_EB_dbgi_002962_01_01.mzML,0824a7792162ee1d8f8b48d6d90e5a0687f56bb4,445a640e72fad6df1fb87d9970ea679e2713cbc1
20240307_EB_dbgi_002600_01_01.mzML,c54fdd8ef8a6ada552785c1bb40fef4f72dfa620,c5108878cc9f3107c9689a7acca16d9acf5dab9e
20240405_EB_dbgi_002851_01_01_100mm_C18_15min_DDA_ELON_pos.mzML,7f0823532ae61666e15b0fbbf45ab57db6653e39,5774aef94809f54b3cde1cb2817100db59faf631
202404191203_HC_dbgi_002963_02_01.mzML,fe01a687bddbd39807b9719d422a8079c8567b9e,a071013ccd0890a75f19dd700a9c32334034d426
202405081555_EB_dbgi_002674_01_01.mzML,c99bb43d3642fea00f4aa703aea12ca9870b2945,047987ca17afe91d3c1826c8c00e8069827b021a
202405171439_HC_dbgi_002863_01_01.mzML,a2a528e43f27098acb4d667e70a17b886f7e62d0,bda3fd6764d2b1ea070f44878349b10b0092429f
20240405_EB_dbgi_002364_01_01_100mm_C18_15min_DDA_ELON_pos.mzML,2543ecdbc4cd8d0775848444b7128d1cfea7d531,5278f406451e5c92caaabb54f2e6c40e7305a3d6
202404191203_HC_dbgi_002915_01_01.mzML,19f9fbbddef6dea1b96218b850386ccf9dd580c0,da823828c99ddeeb74a26a70991e67526d56aa7c
202404191203_HC_dbgi_002901_01_01.mzML,ee402d9aba29ee4b808462cb162a5e6231d32ea7,1f301a190f1b0ddda4647c3a1c0342f6e5a11b5c
202404191203_HC_dbgi_002757_01_01.mzML,6848e3019631d982b8943d7249a94cf9e682c19b,6a8b5e93bfc63df3df7ac0724f578e47cabb3022
20240405_EB_dbgi_002858_01_01_100mm_C18_15min_DDA_ELON_pos.mzML,7e9baf3b31ce8099bc0db42396ca80594ec69798,6be81314435707b9b132d2b219f3309392275f05
20240405_EB_dbgi_003084_01_01_100mm_C18_15min_DDA_ELON_pos.mzML,e4fc9a712f4689e88d6bd74a28cb854bbf4209cd,684abf25db3162b08b9b968192dffb3b3691da84
202404191203_HC_dbgi_002802_01_01.mzML,e0804a345617b87e941fb2d1a1b881928dc80313,d44dd2f6e4db1c4bf6b6b0c2c637e4ce346d3945
20240405_EB_dbgi_002450_01_01_100mm_C18_15min_DDA_ELON_pos.mzML,f588d9c9a75c2980c877c67c367f01409290d276,9f30c3b917ce6d8eaf3ea11bfc71edeff8f79ddc
202404191203_HC_dbgi_002947_01_01.mzML,50012955a13cadffbfbaa8779143c6dbbf9e1d51,707dd9be76d650547e35742a5c15b210b5b99ebb
202404191203_HC_dbgi_002906_01_01.mzML,9022694221c12eb4d620d46196fac53a9111d360,069840c5d0f7805cb77b2c0e33f612241d920c7e
202405081555_EB_dbgi_003015_01_01.mzML,f377a2c3669cd13403d88287677840aa8135e421,8e97e496becb0aae1282da53e4ccf871f3b3df98
202404191203_HC_dbgi_003110_01_01.mzML,46205b94b0301ef806d7a10610910a2d9fdb0869,e018ed842fcd4f3723a920b55464588c37bc584a
202405241509_EB_dbgi_002463_01_01.mzML,1fe1e97c0c984c4a5a6449a74d32984fcd48c905,5a01ba32d65e5785caa1a7c74a0187c9fbb380b8
202405241509_EB_dbgi_002515_01_01.mzML,3c8143003eeff4f49fa2b4fc3f6fb49afe124a48,c13e396acb587968e4bbe984eca049a215520853
202405081555_EB_dbgi_001852_01_01.mzML,60b1f0c9a27aa9e6545fd69c5d01c2b3e9a378ee,d5fdef7f00dce7e9d6ce1f917d3e67ca73762af3
202405081555_EB_dbgi_002688_01_01.mzML,064a68e155f193c4d36aa3772542d619c1816c24,3752dff7bb131f339270205fa6ba855c7219f3fc
202405081555_EB_dbgi_002995_01_01.mzML,54ca9fc9f0192071c0c78bf4781b5d3ccfbd7902,450d54ccd9a7651c14c9a1a086c9a0571b234e31
202405241509_EB_dbgi_001803_01_01.mzML,91afed5dcd1a421f1a5f3f696bceab1587a982b1,ebc255ca07f5966fbc89c2a0f33dcd6d340e0f0a
20240307_EB_dbgi_002452_01_01.mzML,3842d37fc3c695ee33a332a13ae0db79c9773ee2,297b2e47e5b30a359b718887dd9d4b0a4017e456
20240307_EB_dbgi_002365_01_01.mzML,8ef41391b676211756cb60c16c4a87729ae1c18c,6d3040760853913db0b656db111e3acc371237c1
20240307_EB_dbgi_002496_01_01.mzML,d161f303b0f558dbbafc5907b3f8affd3742bedd,4e236a6f1f86df27af704bea27e1c60b4c1daa42
20240307_EB_dbgi_002253_01_01.mzML,ed032c9aea0e72deddfc2183a65b9e287b13574a,9b0bb93e8ef8a1ab5a27ab00a8dbcd3b3c924b61
202404191203_HC_dbgi_003142_01_01.mzML,75ec5522533bac8d1ccc68d2331344da52443631,0ab4369be464c6d66c93cf74032af31ba175d81d
20240307_EB_dbgi_002509_01_01.mzML,5f250162135d2394c44f8665f61f25375aec2ba2,b2d61d52b21463ca7fb296e14c51ef6bf343ec9f
20240405_EB_dbgi_002527_01_01_100mm_C18_15min_DDA_ELON_pos.mzML,610d20c15bbef3b0935404e4e1b8ff6e9a4c3c8c,5ca01ba1e8487b26e11facee3e20a40f9ec79089
202404191203_HC_dbgi_003075_01_01.mzML,f0d7b36e4245d2342ef193278e112de32b809a20,6755f9b13114e3135a4200e46a06b40bad534ed4
20240405_EB_dbgi_003034_01_01_100mm_C18_15min_DDA_ELON_pos.mzML,1653dd349de1f940ad0ab419138443874f17640c,ebf012427a33f8fe6e202f918f74fa802260b0e0
20240307_EB_dbgi_002390_01_01.mzML,88fa1e01f03eaf44e941c026a17e162a9f579b28,2e054c6bad34914b29ae4d13aa115568fafe68c2
20240405_EB_dbgi_003092_01_01_100mm_C18_15min_DDA_ELON_pos.mzML,0fac5e1c748d7bc02685a96a2e6a2f45b1c7ed52,b3aed7c49e548baedcae6ffa87bd8daaa96135e1
202404191203_HC_dbgi_002867_01_01.mzML,6f0db68db4872c8ca769ef90fcc42dd0ffaf0a17,424ab251c6674869777b2a2db416467eca2f5b37
20240307_EB_dbgi_002335_01_01.mzML,3cd99b5e3070915b114ae4ea860e53d955bcab57,60c954f82804eaa1142437bc4e3f117b609dff2f
202404241731_EB_dbgi_003224_01_02.mzML,9e147ece0a3ecaa7e8963cdd2f5e49ffbaf95ddb,93229a5d05b67ca2a82919dc2c31c746c9fe2736
202405241509_EB_dbgi_002470_01_01.mzML,86ce2e5d932898083ce03ac75a6c18349c37c25d,550cf2ddf41e3d85a103ed455af56420ac5e0840
20240405_EB_dbgi_002778_01_01_100mm_C18_15min_DDA_ELON_pos.mzML,37d40ddbc77ec19d2082d1ec6c062b94c4ad8282,cf9fbdc366b01c40f25d07374d8ca91edaf1e1aa
20240307_EB_dbgi_002469_01_01.mzML,aa7660d9304abcd8a4491db40a5a4a43af4bfd4a,ac4ae4fd69c7d404e2dd63e68f8af71eaf3051bd
202405241509_EB_dbgi_002531_01_01.mzML,d5811bdafa7bf3d41ea53163ae59d9e151cb98e8,e0334c4f41b0f2dcc1f5d2a1261336df86b60fe8
202405241509_EB_dbgi_002707_01_01.mzML,349a19bcd00b283380c2f78f19e774769bbef4cc,40ed8ffa1e30011c1387dd7fe3f043db1c0ebf1a
202404191203_HC_dbgi_003143_01_01.mzML,82fde26ac422e88719e2eddf1372318ed41a9ad3,2577802ccc7474a4c74cc0ad8f134ab75e605202
202405171439_HC_dbgi_batch_blk_000011_01.mzML,1b4ab94bcce38c63aa06fd8fdb53d75b15d5822e,572c073a9ba9e9de8f5e18547026c3912947ef9a
202404191203_HC_dbgi_002843_01_01.mzML,04956ef2cd31997a649f175f86bea337050f66ca,7099e6249e4bad855a4cdf520c45c2e12ba0c922
202405081555_EB_dbgi_002999_01_01.mzML,9cfe108316e29cedb40e9c35dfbc56b64c21a7f2,e856d7c94db3ef91fd907c13d6b980904c9d4bd5
20240307_EB_dbgi_001827_01_01.mzML,51c253e9cf4af427afaa5c026ab1e2e23ab80562,744d473628ca15fc2fe146f634b79999dd5f6197
202405081555_EB_dbgi_002601_01_01.mzML,a05225b56195b4107483fa7b30610d53951d6971,23989e6e690d8f08c3d2af06fc3385f0a904d43a
202405241509_EB_dbgi_002611_01_01.mzML,1e2454a77f3d5f6cbc608315a0d66647164bd75e,fa1b1814b1b97ac4b617e3636375a1a8581e9802
202404241651_EB_dbgi_003186_01_01.mzML,7f99992027c3eb7f923fef7ab9bc9db399e50b7b,518db624dc55dc3fd1ae1f7b8c097011d5e5f3ed
202404191203_HC_dbgi_002830_01_01.mzML,7dc9a4407b25f29cd5167ddef80d3c04c59f2b8c,d21d6d6150f92da42111a5615e8468b64d941170
20240405_EB_dbgi_001798_01_01_100mm_C18_15min_DDA_ELON_pos.mzML,e39abeac92ee4de92d675e2360d5e2b8257a2f18,0110cb9ac9c39dd8612fc632306fac1e991e8276
202405241509_EB_dbgi_002605_01_01.mzML,05c9a58f7f63eabe4dc19f0bb8e21a8e2b9de6a0,117e6b552bf9558812a6b0990cc059bb4d606871
202405081555_EB_dbgi_002363_01_01.mzML,8e7c198dcc15dac598a72034d3617433f223c6be,b09fecd972c3f611a1d663580ffa094cbf7435cd
202405081555_EB_dbgi_001849_01_01.mzML,76a6774e4a95acdf4acff17ccc662806abb49ac0,4a32dc256b6d90f4029c6d6c90d1d98c3ed75fbb
202405081555_EB_dbgi_001758_01_01.mzML,8d0f749db35d349419af9ccd34ac4342c7d46afd,d0235a9c2b5e11fab4ee603f8ff5245f6fc64153
20240405_EB_dbgi_002837_01_01_100mm_C18_15min_DDA_ELON_pos.mzML,4c8534a2cbda82aeff808b50cdfe39a607b67eb8,7e629b6818359b11d39fb5211f8a0a52bce0dd1b
202405081555_EB_dbgi_001881_01_01.mzML,3bb342604b2365a8045ed24290c98b7511629bbe,cc94683665e202c632c5920b3eccaa83ad616116
202404191203_HC_dbgi_003152_01_01.mzML,d89786326baa123ebb0b418a5a593d8afeab5f51,1435d3c8e4b09d0ff56300f0391e2395cf4ef0e1
202405081555_EB_dbgi_001219_01_01.mzML,b432255eee8dc73f564a6e8d89227abae6bac187,cda2c6bbb8af6e3910509268bb0257d7727044d6
202404191203_HC_dbgi_002897_01_01.mzML,152ef4795ea6a05a44a02a8f51354af27ea34b2e,7f88b2369bd64375a4ec548715bfe67c58afff8e
202405081555_EB_dbgi_002464_01_01.mzML,463bc5097ca40f7b038eb25d94c2e2096dd56898,810bade3c83f291ba0962e39274a21475c62a84c
202404191203_HC_dbgi_002790_01_01.mzML,7ce25d69ad42e23364618083bac8eda56721ed7f,a354d893bf1db604c23e7ab9069ef3ad8bdbecb3
20240307_EB_dbgi_001764_01_01.mzML,4940b7563a6ca04532470e8dc3e5e2308f4e063f,cc56e2b0bcd8423ef3814cbd3f556828554fc7bb
202404191203_HC_dbgi_002795_01_01.mzML,cb54065f77524e2f6da1afe1afbb7e4f8cfd0f03,526daa7432347ffffe638b9749c856d300961297
202405081555_EB_dbgi_002954_01_01.mzML,2865dd8d0c72279a13cc4a5dcb70a96a220fb3a6,2de038d9b8e26f15fad27f8ac522b3dc2c1e8b12
20240307_EB_dbgi_001809_01_01.mzML,114d4f1fa92cec04f7d65af7c496a92ab34bc2ed,f805ec3dd34aa88d74b179d37eebcb89089a3023
202405081555_EB_dbgi_002394_01_01.mzML,9af3317705536f43dc42f8f54609f1e4475f0e5c,0ac5dc271c521f038fe73b8684d1481352b99dfd
20240405_EB_dbgi_002424_01_01_100mm_C18_15min_DDA_ELON_pos.mzML,463be6dbcb723149137a7eb171637d520ebf5f2c,1534555d7483b2b6bbf769bd31d7ffd1dbe1853b
202405241509_EB_dbgi_002524_01_01.mzML,ab52719c41e24fb34ca4a9a004aab15f350108b6,5434528a4ec6572914cbdd1e26258205b00f15c6
20240307_EB_dbgi_002642_01_01.mzML,7f320709d7d992fb891b1312c3fce0ba9a97465a,bbd5807b0d08527b5df9462fc9ab816cc355c053
20240307_EB_dbgi_002635_01_01.mzML,8f83818e1570cb9d5848f2dfc3dc31652530d9b5,962ffd4fc3ce825f559543aafd3d4d92b2fbde3e
20240405_EB_dbgi_002256_01_01_100mm_C18_15min_DDA_ELON_pos.mzML,0ae171db75cf3d646a37a6ffcb1bf4d8747eb699,7e426ebf50ea4a03ca0e24b23ca4381acf79add3
202405241509_EB_dbgi_002269_01_01.mzML,d2a5a93ddf143592af76745ae9b6646c0e18edcd,9d956ceea0c8c3c5864e318d0e3e7463226f2ae5
202405241509_EB_dbgi_002514_01_01.mzML,1b3a526e55fff0f96b80f2616c8062b7379cdc37,068b3a118e1db5e8ad229abb2d7302a2bdc6e4e7
20240405_EB_dbgi_002980_01_01_100mm_C18_15min_DDA_ELON_pos.mzML,aadd71461e98ac7ee2f97f66a56291ecaa0b477e,a6b030d6292eeee2c343ab06c8bd58389842b2c2
202405241509_EB_dbgi_002744_01_01.mzML,b657995bc695af69184650a791a4012687c48222,0bfaeea3f91a314c1b0296ca0294e0acab4f226c
20240307_EB_dbgi_001875_01_01.mzML,d6f0a367e16c767b8792c8b8217ec995bd5e059d,24f895eba9cbfad8b4a565e95aa07a203db3184d
20240307_EB_dbgi_002294_01_01.mzML,98ec1ae9c4842d9ad009dd9ad9f2d2b19d3a133a,6c96048952712ff24ddd7d3d5139490d58bf114d
202405241509_EB_dbgi_001787_01_01.mzML,1a03c7ab0f988a4565c403eb98d4ba2532c60a5b,ff0d110ddf8091f8abec8d912eb0282c4e6b6c09
202405081555_EB_dbgi_001818_01_01.mzML,e5d0f1254d9f1a1b4c64f0590d66b8d27d5e607b,e6e9155fd0ec11c77e7cbe24d20a4956a042a647
202404191203_HC_dbgi_002589_01_01.mzML,cac53dd7c2f15534d65fc0caab2ba42be80dc4ba,6a2789a6968420a56a69fcecd767431b1728d22b
202405081555_EB_dbgi_002965_01_01.mzML,daa3010cb909f1d353cec271f5da3c91cc4c67c3,be042f893cd7819cc0d1f7f7eb9b86b316d6eaa7
202404191203_HC_dbgi_002944_01_01.mzML,c27f3f59afd85f41186a88f213e1121bb984233e,93650a65afc33b06433acaa330b4b4e08a5e5127
202405081555_EB_dbgi_002568_01_01.mzML,5ce0815a2554bae5b75efc4b39344bbf9e5650c6,0956e24e8a62b3f14d30564f66a775ab30e93521
20240405_EB_dbgi_002386_01_01_100mm_C18_15min_DDA_ELON_pos.mzML,8b64572dfdc514a81135ae37b551bcbf1222ea1a,47d0ffa1c5a330bcd6c6cca55202f3b8a8f6672e
20240307_EB_dbgi_001848_01_01.mzML,6883ed3c166543f56b228b83d7e3dc68baac0b42,228cbad605d281bbe0336456bfe9ec1bf985acca
202405241509_EB_dbgi_002528_01_01.mzML,c5f29854bd06788e675a392e3c57ea7c89c2e591,956e35f0c987f7dfa40417bdff61c73e53a50ac9
20240405_EB_dbgi_002783_01_01_100mm_C18_15min_DDA_ELON_pos.mzML,48355f0652f7bc258fe5ce187d922912293fce42,3f5fe21efcb578efe8b692c553600df77ea5590d
202404191203_HC_dbgi_003032_01_01.mzML,b23251bf164388fec7c5530379f22ae0e17f7d85,46b481768442a76f1ae3b83283ee116cfa4a4cf6
202405081555_EB_dbgi_002546_01_01.mzML,80159ba761a988d490a710b9b73f55a8c2b72af7,8223dfafa320ec9bdb5b4d93186f80283a9d6a3e
20240307_EB_dbgi_002375_01_01.mzML,dcea5da975ce4fa10b6326a037108d65f4f778ad,89cd3a691f8e66c68db01d5b051ddb8cfe3c541a
20240307_EB_dbgi_002603_01_01.mzML,f2effb50cc80a53fdf2387048fbe168d077bac04,bfcb9e1c0761d97c6792d861a2b376928a46cc7a
202405081555_EB_dbgi_002539_01_01.mzML,ef38855c2dd50f71aed5ba1fdb0a3992c4781c74,e167e840e4188385fe518949435ff7cec85ec144
20240307_EB_dbgi_001777_01_01.mzML,d9ca83853dcbf82bb9c2494fce5c3850588d50a8,4dd8413237edf128d1c1fcbb7b05743d17f6e08e
20240405_EB_dbgi_002593_01_01_100mm_C18_15min_DDA_ELON_pos.mzML,b7d2e2edbe76d6c10f808e260116514247a958aa,f1025d5a2744f9b6a497aa6ff820e3868d7e4171
20240307_EB_dbgi_001873_01_01.mzML,7d64f4228633ea208d7ae676140c35ee3df481eb,29b4d6dcbf0c08178f362c328e12962386107b05
202405241509_EB_dbgi_001796_01_01.mzML,8bf18daa623462c0bc437d3dd793a660484410c6,770870ef3afd6b11813a8e26b45ca9faaef77817
20240307_EB_dbgi_002606_01_01.mzML,41a0494e28b85b10a5c516268052f66340ef1f79,58b2f5b33575ec441cd7a22af7e7d5867bb4341c
202405241509_EB_dbgi_002460_01_01.mzML,943e4437d48a768184c79900e8d05a09cf781a51,713c0d63ac1c0c5217ef1b85fc006564042faa24
202405081555_EB_dbgi_002462_01_01.mzML,a3f2cbffbeb9b8f0bf7f0fb188f50ee9ee1b34d4,210ba0653185ef4c334f40f85e0820b22b0694ad
20240405_EB_dbgi_002549_01_01_100mm_C18_15min_DDA_ELON_pos.mzML,b27233468eabfb6e85e01b2a2f56983770f59da8,70d1b2012669169569e29cf60a51e59177053c15
202405081555_EB_dbgi_002503_01_01.mzML,01b96242d7855ffd6c5146162fbb1d83ff4a7efc,fc40df4387ea01fe294033bda3ab3ebec25dfb60
20240307_EB_dbgi_002498_01_01.mzML,807328ff1f6fe9fc22aee4b8652c8eb89e925aa1,c72b62ddb6823b4d5f3caf3e85e03fbf563f4f3f
202404191203_HC_dbgi_002898_01_01.mzML,b8771e0d30649021fd509d07973695a18c2c049f,7223844529853421f3f972ded66fb348c8891201
20240405_EB_dbgi_002792_01_01_100mm_C18_15min_DDA_ELON_pos.mzML,05a00616784d229ec867825bcf233902aefc3068,6af29cc1b1f4fdb14d2ed346eaf66d15d838e9ae
20240405_EB_dbgi_002907_01_01_100mm_C18_15min_DDA_ELON_pos.mzML,ca481a25c99b0c8120a4b437f0accb5dc54f4834,b567387a8f1176b7998fae599ed0cffd7562fd58
20240405_EB_dbgi_002763_01_01_100mm_C18_15min_DDA_ELON_pos.mzML,4b578e95dd10d78be0e642cdd4606a510eda5cb4,a5bd6059a03d21bcc9f84ef2a5824bc890fdf25a
20240405_EB_dbgi_003041_01_01_100mm_C18_15min_DDA_ELON_pos.mzML,7fa43f88ae3d59e1137175509bac2dc96e89a84b,3c6f052a0ada06da24d4d4a53a2a66b0ff35b44c
202404241651_EB_dbgi_003190_01_01.mzML,6c4b3364716797492c9ca5aa2a946fc613c1ab51,b8d80c9050012b1146e2cffd835f9d7be7c9dfe7
202405241509_EB_dbgi_002564_01_01.mzML,fcad6a50280229809d5d771b76ee7bc65728c44c,74878038bfe3769f26b79e22cd9500b97de53cf0
202404191203_HC_dbgi_001888_01_01.mzML,5c294395c5765444a3154df34925e497346daa31,55dd2a6519d2f9100f6e11c182d968a50abb3a9f
202405081555_EB_dbgi_002742_01_01.mzML,4940c9c7f9b7d9ffb04c31005bb815d544f18e91,eb63d67fcc6db4b21ed593ef82e3c0c6fed67efa
20240405_EB_dbgi_002468_01_01_100mm_C18_15min_DDA_ELON_pos.mzML,078bf2eac36a901f46a7f5ab567975bfb4afc233,6967c451887b8e7758253cfc3ab1da23c5dfbca1
20240307_EB_dbgi_001912_01_01.mzML,3f1931e04bf6e3ed839a9c573021e7d3fecabe53,c7de360d2b2529ad9980e1336d65e169a60b7713
202404191203_HC_dbgi_002794_01_01.mzML,503bde2a90f0c69d5ab52d5cf00f788c0ff5a58b,6a912c75f922b533dadd7c2eb626bd0cc102c1dd
202404241651_EB_dbgi_003210_02_01.mzML,e3dcc1b0e0606b95a8d23868ae765409bee41f1c,5cbbc6ebf37b3bf28dbc541041061290345d2de5
202405241509_EB_dbgi_002576_01_01.mzML,0946c3f664c32a76b3cd67bbca872288def820b8,2245ed10622ce3973db40de955b3355544e3ff67
202405241509_EB_dbgi_002520_01_01.mzML,1266c97985e8bd7c9656e41924398719b0000e23,e2dca8f4a4b593e641d1aa39e45e3cff3cc9e394
202405241509_EB_dbgi_002541_01_01.mzML,7c81372b399d6b34434e354c6f0f602c8f062495,85a0ee627dc4e88ba628b6bfc96f521262061664
20240405_EB_dbgi_002922_01_01_100mm_C18_15min_DDA_ELON_pos.mzML,04271a7fd1e8fae2e03f34d0437418789553cde7,8fbc0e4d93410f45ecb966f1a95530b68f3d9ebd
20240405_EB_dbgi_002989_01_01_100mm_C18_15min_DDA_ELON_pos.mzML,5627c48cd73674cfe75dcfb38138135cbeae63b1,81eca889a156d54d371d946b220e862668274add
202405241509_EB_dbgi_001760_01_01.mzML,e63f9158927c4ea728fdf08bd30fa39d30616461,316c37f7008b2d6492b3325e987488a4ba97727e
202405241509_EB_dbgi_002578_01_01.mzML,7a517c7f44fec7f30429d7431ca43fea6947e8f7,a5127badb0e28ca1bd31e3f0b7a99a089cf9b3ab
20240307_EB_dbgi_002704_01_01.mzML,2f7d2963094c2017ccf4ea19f9d15ec5e8fe74eb,2a941f67cead61c786380e32c9e5e3c7dcadb1f7
202404191203_HC_dbgi_003133_01_01.mzML,92c0b20edc37000a0897ce414cbf2d5768106881,033d7a46fb68cbfb81ceead74cb0ee9fed6106de
20240405_EB_dbgi_002813_01_01_100mm_C18_15min_DDA_ELON_pos.mzML,ff2057acd2ec1a15c8809de2905abc87ceddf33f,95cc5a517b00b2cab728f83b604f4ac71faa0741
202404191203_HC_dbgi_002854_01_01.mzML,4d6cc9b2f5d88ee106246fc2b72985a593b0a706,979148991b99653870371dda4f7ea89c5434d5f3
20240307_EB_dbgi_002240_01_01.mzML,12b552bf290710a9e7363d2f20dd6a88e92fb2c8,87a10385d257c96d499fe270cc0be9f23b2982c1
202404191203_HC_dbgi_002756_01_01.mzML,0cbc2a654f39eb4a59e9cc1370da13f0c9e9dcfe,0670cbaff93ef28aafe34a825aca2a00d9ddd68e
202405081555_EB_dbgi_003060_01_01.mzML,c23ee1ecfbc84ef4ce098eac4ffa5a89d15e3f6d,e9548509ed6bf40c9ef1bd1098a3b67e13c2ae20
20240307_EB_dbgi_002247_01_01.mzML,51a2b93b0bd34af866398c8ba813092ed0a09996,7b7edc75a00b26be902c947af7706f42a4dd90ae
20240307_EB_dbgi_002648_01_01.mzML,744e5236af96af49ba2d62d6352cbdaef155cc24,a5462a180fe1ebfb4d38cc7fc037eff35bbb47ef
202405241509_EB_dbgi_002456_01_01.mzML,39756d0d0e7196b588acb952a08d5dd410dab8c8,0fdd85a0f0a646ace854e873fbb729fb2493b2dc
20240405_EB_dbgi_003006_01_01_100mm_C18_15min_DDA_ELON_pos.mzML,490124ce0ab179c4478986e50ff184ecb03db256,8526fe35678ea4c1b34dc06fc44d542fa2466a77
202405081555_EB_dbgi_001936_01_01.mzML,c2fa0958cb9b1d45e43e29c6e96e6025932a6fa0,bd3b5b121cbbce47004dee295f3e66b55cf2b1a2
20240405_EB_dbgi_002481_01_01_100mm_C18_15min_DDA_ELON_pos.mzML,0e6c36a9a4ed003949df79e2c4c2df793c8f9ff5,ae1b8d1191e87f306c66394283785d8fb4b17378
202404191203_HC_dbgi_002809_01_01.mzML,c0da4a86c3c4ed45d1db6296e3bc9bf999e18213,ded26d2028aacd36155b270fd90703c53b167e95
202404191203_HC_dbgi_002845_01_01.mzML,2cca3948cc0bc135b2cfff501d078cabf98d74d1,b4f972a5235d3bb18f9e3c36781381ec14546416
20240405_EB_dbgi_002466_01_01_100mm_C18_15min_DDA_ELON_pos.mzML,c9aba85fcf7b93e6ebe712fa94ead4f3f271c49d,6f47c4727f29fce33a4d833ade96d9fa3023a43b
20240405_EB_dbgi_002439_01_01_100mm_C18_15min_DDA_ELON_pos.mzML,e53658ef10dfd9c9ca1f099dfb73e11af0eea3cf,d1c45816c5b5b6a6ee818fa33ef4916cfc4d8ada
202404191203_HC_dbgi_003139_01_01.mzML,e0c139fc9c48ca80877e90de13b1726f5a94dfe8,b81c8ecf5499852fd3ad54feeb453a607dff97c6
202404191203_HC_dbgi_003100_01_01.mzML,ef6c4e6c11f275808565662172eace4cb936c026,6db9dabbbf2e1eee833bcd2f7432a7745a43b1f2
202404191203_HC_dbgi_002807_01_01.mzML,01a1ae58055fa3e0cf1f874d54ce48f17537b28d,6eb0fd6b698113d1176854312d6c8a666ae70668
202405081555_EB_dbgi_batch_blk_000003_01.mzML,657fcc4dc47c0b105386b1444351cc27369f26ca,2ef324d27c8e803eb4f854072ffcf5fb601415f4
202405081555_EB_dbgi_002708_01_01.mzML,17ae3ca5f43746c2e2287f0bfed86e09d7c7173d,3226f90a08ad36126a2813ce8229e831e6db4240
20240405_EB_dbgi_002694_01_01_100mm_C18_15min_DDA_ELON_pos.mzML,917b870054accfd7afda5e8422a589088e130c4a,a4d82e46c30bc7e2b602858cba90d3cf8220372c
202404191203_HC_dbgi_002767_01_01.mzML,86490002e9e8f88545dc9fda39ad84b6119ad2b9,04a38c2bf2b9291f5648f8ab3312f0024bd6b98a
202404191203_HC_dbgi_002797_01_01.mzML,28de5e1e0b9ad60d18b4182655fce57b6f3e9a88,fc46c23ea011536e89dabe1fcb36b15757f7f076
202405081555_EB_dbgi_001192_01_01.mzML,7ed88900fdcd8bc8a3ebe2965a6774ddb0d08b77,28cfecba24c648b866506cd873ca0f0ec56da4b0
202404191203_HC_dbgi_003124_01_01.mzML,dd086787a9a3c159ad6c3a93daa239af3e4d0696,7d9f12748365f45a3dd052f6310e2e4247a67a26
202404191203_HC_dbgi_003063_01_01.mzML,042881303b29f85adca1aa18a3c6111353c60644,7f4c3c8e7490e0bd80b313960e4e0302458aa4e9
20240405_EB_dbgi_002870_01_01_100mm_C18_15min_DDA_ELON_pos.mzML,793c1c8e72266889aa6e3556aef0f98122c083dd,2f3f5483e86773e38be70a2a6961bc30480e56ac
202405081555_EB_dbgi_001878_01_01.mzML,3ebe3aba706c7631244a2dd8a2fcc08adfa5d1aa,ee325ae40428d8fc6092fa57b305f6e1a01d176f
20240405_EB_dbgi_002769_01_01_100mm_C18_15min_DDA_ELON_pos.mzML,7a004318e141ca34ccaba1c93069c0287444e501,2c2f55df299654bd595bed94a81a7cbb525d87b3
202405081555_EB_dbgi_001801_01_01.mzML,6ac638db34e0d360618873341f2005ec32f55ce5,87fa872724ed24d972e45bd7bc2c13cddd396704
202404241651_EB_dbgi_003173_01_01.mzML,f26bccbec6efdbe38f1ba0c2ddf2b9523946cace,d7cba2f24e8d24c7cd9190044665651908b1ae38
202404191203_HC_dbgi_002849_01_01.mzML,682638d80eff742966822cd3c7819120291c23c2,5ea058bd5b66854a6823d78fd3fa431b85363347
20240307_EB_dbgi_001910_01_01.mzML,adeda867d85fe3750275f423e86065cf49fc67d2,196696ce1d3c5185a4d3cec9d52c32381119bb43
20240307_EB_dbgi_001869_01_01.mzML,479cc9e86e3c339e569b59dd3892d76c1531e77d,ef2be3ebfa4f1ab149a0010c71c90a507516221f
202405241509_EB_dbgi_002620_01_01.mzML,c30c8ba8db4403a6a7d187b5c521679b287b0649,7f77d290eb7d1f11e37a7d6299758e7112b50ca6
20240405_EB_dbgi_002526_01_01_100mm_C18_15min_DDA_ELON_pos.mzML,9f70643d9f3f1bcd6cfea660753b1e4e4fdf090e,57d90864ee68b6cf2781490b1ee30743d496fe6a
202404191203_HC_dbgi_002958_01_01.mzML,f8e144eda0f7c3337c3faa05e3039aa29891aab2,571d40fd96307617fc7a352dcda3bbc55eb32c80
20240405_EB_dbgi_002401_01_01_100mm_C18_15min_DDA_ELON_pos.mzML,00870784a6c2ce1b9318348cce3aa10f3796fe43,75d2e4682c2eb33434c26a35c281448806786572
20240307_EB_dbgi_002321_01_01.mzML,1351543ad84cadfa99e1c95c7de649239f907a2c,f0fd4fb1f66c85172965a7e5ca5853bfac4633f1
202405241509_EB_dbgi_002737_01_01.mzML,fdddd21182501d7b65d4e31a11841433391befb8,27b7a3f8812b7f72ae89b7ca70fdcada27e93e30
202404191203_HC_dbgi_002842_01_01.mzML,2391ca4736800a2d8fb9495ca1a982488d5fe191,a7a13680562b0136dddcad065fded21f6a8d0379
20240405_EB_dbgi_002896_01_01_100mm_C18_15min_DDA_ELON_pos.mzML,96b4fb6febf0cbd13d9a30d3d307355c6342f1cb,a602575d20b25735d8d8bd55680fe71e78d9fec4
202405241509_EB_dbgi_001882_01_01.mzML,043b4f7dd467493110752661a4d5b6c2f1bc97bf,9d82294b9ab714b1a36c6e2a594a79d2183c3058
202405241509_EB_dbgi_002428_01_01.mzML,a5567f80b98e46453b78f1a9b75942227f11a0e1,a67a01bb13836a2f076834b77d6dfbf537fe8105
202404241731_EB_dbgi_003224_02_01.mzML,45d7575aec24b71cd59d65bdf1113dccd7a4b22a,945c51f0a98a7c1d50bd3713d3184453e9454d3e
202405241509_EB_dbgi_002537_01_01.mzML,feb08a4ec5154d7262dfbca0c3aaed395013c4c6,caef309beb6462ac0db130d68e158c49037310a2
202405081555_EB_dbgi_002610_01_01.mzML,a87ab4e4eff84ae697715da974b36002db7b8213,37d87bbb525015d8191bb3c1b55a0ae57fd04cb5
202404191203_HC_dbgi_002877_01_01.mzML,21df25fe011772e6ed051b8da4f476dafc46544e,b0c03be974f180e3ce9eba1f42f0531b33cc8049
20240307_EB_dbgi_002277_01_01.mzML,5f8cd67fc74f41cd869ffdc6c77a00b4b93e78cf,be227f9b81d0ca07f0ed0daad08da9d4e64080f6
20240307_EB_dbgi_002990_01_01.mzML,7735f679261995d36ddf7a0791515a372f1c6add,c1124c953ad5cd7596c41c663b02e5c645c8a3f2
202405241509_EB_dbgi_002535_01_01.mzML,4f553c96605b836f4bcc8223ac03145a25139fe6,26480ffa64348b3f9fb9859a458d729b401352b9
20240307_EB_dbgi_002356_01_01.mzML,eeadf314c3b4b05b955a348e7ff7b33d9a900216,1ad310314353ccb9c9e3b39a8f8fae14c020b223
20240405_EB_dbgi_002442_01_01_100mm_C18_15min_DDA_ELON_pos.mzML,a5b58b0dd19002910949b2950cea275e7fa18ecc,ea0c1ffe8c8301820e1f3c1edbb89b01d4746fa7
20240405_EB_dbgi_002892_01_01_100mm_C18_15min_DDA_ELON_pos.mzML,33d13dac10f6b4a049c62f161b9b3f41cf105d7e,15e16300f1cbf408bf11088916e9348b3b882680
202405081555_EB_dbgi_001802_01_01.mzML,6fe5a93207d0f562d158ae7cbb53bd1bd7c4b3c6,80f82a9300590331878abd1dd12248de76b5d777
20240405_EB_dbgi_002948_01_01_100mm_C18_15min_DDA_ELON_pos.mzML,c71ee73ec90371436fe81245ea05525d0ccb9da3,d348f841d2f923c13414ea1f09bb1d2e0de0840e
202405081555_EB_dbgi_002555_01_01.mzML,2d6b999fcd90c63624af6261557ef4501b4d3e73,230091de1199e803d28061322bab4e7d2bc98773
20240405_EB_dbgi_002844_01_01_100mm_C18_15min_DDA_ELON_pos.mzML,bb33ffdbe258a88d8056c3ce94df326124625400,64aa45e8105925f1c1bff5a6a0fab11a049ffd30
202404191203_HC_dbgi_003003_01_01.mzML,c48018e2f41982a9748d8d93b76b34252342cfaf,1fe8cae16d97366c5f07e85917621bddad933878
202404191203_HC_dbgi_002413_01_01.mzML,49af2757860ed0e5944f1da599e4adf2db89a50a,a7ebd43df92acbf9c287033f7b5e15616684019f
202404191203_HC_dbgi_002963_01_01.mzML,e2938349888bba285a68f80cef6ab0a2c414b26d,8290f78f36150adef452268e9399cf93305e77cc
20240307_EB_dbgi_001836_01_01.mzML,cc06f1365d22015f2832697e6d53b97969669120,0d17f243e20bd5b967e4652591d10e59c9e87286
202404191203_HC_dbgi_002885_01_01.mzML,b79d66effe8464d52d3b6f496620e8b38c0fcf37,05655f67215ed6c150f167a0366fa1cd4fb31e5e
202404191203_HC_dbgi_002992_01_01.mzML,721077651dc8463df4d13153eeae27b31e4dcdf6,b94e481b1bc0d2d3bd78d0cac72dc1f9d19b8361
202405081555_EB_dbgi_001887_01_01.mzML,75d95aa7f3b582eb05893240a4f0756740c6aec5,4a10b81a91145ae16cbae81655969bd9fa4e808f
202405081555_EB_dbgi_002278_01_01.mzML,f22beeff15c3148e06a9f5ab72361830a3879c05,df189ff6660a862ed041fc95baf1aeae4dc93dbf
202405081555_EB_dbgi_001816_01_01.mzML,7991187c334352955254007138a78d987423e81c,a8fc7fbf76eb0ee318c4944982eb174edc1f1cb6
20240405_EB_dbgi_002887_01_01_100mm_C18_15min_DDA_ELON_pos.mzML,a7f78c5c9c9626f9e66abfe733e1900932652a9a,bf141d13dcf365f3b8a7472dd48426faeb86d1b1
20240307_EB_dbgi_001928_01_01.mzML,5549bec1f795d5ebc0625558e80c782381ad2e2f,bf0b264fdca0fb04579015f9b5d9f1e04a3e7082
20240405_EB_dbgi_002927_01_01_100mm_C18_15min_DDA_ELON_pos.mzML,8a3ce996b2056edb3b7b75c6207ce081717d1fba,7651a14840f6e08ea3ebfaa55585806a28f6ba94
202404191203_HC_dbgi_002766_01_01.mzML,08c098c35b7b1abe3a250c29fe247b14794b72b0,4ee3086af05e34a2f88fba0adbf875704f6e41dc
20240307_EB_dbgi_002359_01_01.mzML,dc8d587142e6ff4917e6c2ea107cd06b127c45ce,a17d08bb2845fcfabee2f41b5b786ea4f7d8ea26
20240307_EB_dbgi_batch_blk_000005_01.mzML,535592bd36a7e37382687620d7d0ff4fb242dd47,669c89b1e108db45f0bf1c151dd6f74d78eabde2
202405081555_EB_dbgi_002567_01_01.mzML,24076ac87e0fcf0bceaa8706e277a3c62c2ab06d,f1b563972d9ba59365b064f434e42f4bed385e30
20240405_EB_dbgi_002953_01_01_100mm_C18_15min_DDA_ELON_pos.mzML,08cb9105c069da816baa90631f935701971cc251,dd08db64a7f3bea7fa1ea5819dfc849e31e31962
20240307_EB_dbgi_001781_01_01.mzML,6fe30709f10c70fcd5ae4c55ae98af56133cb22c,8ee8f6b02b8a558dd89c7b91150b464297935d8c
202405081555_EB_dbgi_003059_01_01.mzML,455d7b431fada8f5605e1a94664a7d2b6010c06a,b0aed2fbabca811f785d6ed435d3e1a7b9841b57
202405241509_EB_dbgi_001776_01_01.mzML,58784898194837ede4111023af9a21f6e4c4d060,434932f8b3048586806de68eb5c0021240d7f35d
20240307_EB_dbgi_002566_01_01.mzML,18048d8acabef20af0d6089044396ccc737c3b79,78142a4cf2a159723e20e3cd9797eab9683f5a13
202405081555_EB_dbgi_002544_01_01.mzML,9f52e12dd8392718d40b7ab468825094d54bcbf5,2c75dcc7355d2adb66b7068255f11fda5d609a6c
20240307_EB_dbgi_003029_01_01.mzML,c4ccc775321793c0e9fe8e07f39fc54c3b17a082,f64937cd7613416b57877c3d0708cb1e815e5ddd
20240405_EB_dbgi_003057_01_01_100mm_C18_15min_DDA_ELON_pos.mzML,5da788318377b1a1c6cac2aa1af9b958eb95f1aa,e66ba42cc0a0509c8dd7070f23d1712728ad2297
202405081555_EB_dbgi_002929_01_01.mzML,f2272145c8e78ca2b51f1c64b7afdea10e6b4dfa,9cb1e701abeb9e1aff87557911f85227c20a7a4b
202404191203_HC_dbgi_002806_01_01.mzML,c562eb6c7a09c99bacbf0c890d22c2670b2fc5ee,483ef0f627169c2428a590ee4a1dbd891ded2cdf
202405081555_EB_dbgi_001847_01_01.mzML,ffa15c9cbbb8535c3257e59d7c8d4ea5c40829b2,dcf910dfddf60df3f3a3f300135159343d3ed690
202405081555_EB_dbgi_002354_01_01.mzML,8a14177e74f76994cee5148f590f60a18f0020be,3e9b3ec43cf3eb46456d26552498f789ad6eef3a
202404191203_HC_dbgi_002791_01_01.mzML,0ada72b74bb66c77dde2ea548709f894f1c762d6,9d243bf5947b8e9a1aa5ba53a22838d03f9cf013
202405171439_HC_dbgi_002914_01_01.mzML,01d8d1e492fed14b36bc3839076cec5559aa945d,7712324cea83922b639483e9ea003e9e32299d06
20240405_EB_dbgi_002759_01_01_100mm_C18_15min_DDA_ELON_pos.mzML,278552fb85631704c1a8309b17a56bec938e7ea3,2f1dac837d0f4ac3c84f24f1d27deb795f6c4432
20240307_EB_dbgi_001799_01_01.mzML,beca45c4f84aefffa10259d586741b396f3332ac,dfff724f8a21725ccfe3a318eac781373fa350b8
20240307_EB_dbgi_002443_01_01.mzML,8e744ed7c0589f56302059aaf3cdfab19810fd40,645d151e8957435dfe594c25646790d3dd4ad71e
20240405_EB_dbgi_002970_01_01_100mm_C18_15min_DDA_ELON_pos.mzML,aeefc1422121c804d66d7edfaca0e5eedcde6546,bc8d698c9e281e0c9d7215cfab2ee3a90ba10000
20240405_EB_dbgi_002969_01_01_100mm_C18_15min_DDA_ELON_pos.mzML,0377eacc458c23df8967ccfe9c6ebc4eb051903b,d4e875069e9a7191f4ed1d5f78320db38ddbba0e
202404191203_HC_dbgi_003123_01_01.mzML,bc7ca92c8ba6ecde9ef27c59b94615d250918b3e,495c018749ddd73ba111115de3dad1a00ec3af77
202405081555_EB_dbgi_001904_01_01.mzML,8dead063cde41e2835526840877fd4de69127fb9,814f83d385d94abd247a015cb16e60512be7a7d1
202405241509_EB_dbgi_batch_blk_000012_01.mzML,b03e3d35f7479463cf03173d5ea7d6117db5d3ff,6ae50c04e722fc78878ccb450aaa3b3ae9b48696
202404191203_HC_dbgi_002868_01_01.mzML,076675c95026f235ab90d9b0674f097ad1a2926f,0dfb4bb7c228ad039a96f59e5a1238ed62104a81
20240307_EB_dbgi_001774_01_01.mzML,c7149cbcafae74a2534f70c3a045127732806394,82ba5344ae293a9f3a7b2ecfe4f01b56be932d15
20240405_EB_dbgi_001889_01_01_100mm_C18_15min_DDA_ELON_pos.mzML,7ed02c5aca14089a8ff033e58e2f27e356b096ff,0cb332969b5bcbdc5301536750e229599bbb1315
202404191203_HC_dbgi_002788_01_01.mzML,a05caa9abf7160bdf052568939f3c6cda0be6258,835a128ac698f35aa4ddaf8e0a74d9b651d6041e
202405081555_EB_dbgi_002893_01_01.mzML,73c3b1742cb43eefd799419298a351859be24fc6,5dab81124ae2cffb6c050f8afdfc4b33a815c9e1
202405081555_EB_dbgi_002383_01_01.mzML,cbc1ab7a1b75450a6e6503423a83c80f6019bade,40d599609db5fa09c4206019bc050ca7bb548d95
202405081555_EB_dbgi_002971_01_01.mzML,2f6af47a98f1023261e7b3298a5b3df3173553d2,fb0aebda50c7bb099596c0e79e5a313578fd4e89
20240405_EB_dbgi_001778_01_01_100mm_C18_15min_DDA_ELON_pos.mzML,5f27a48f788f2948c3922e68f40408e0445cfb65,5cd50517c0faf377ed4d4fa18ff1115338d9289b
202405081555_EB_dbgi_001926_01_01.mzML,2a53da685ee03dde40ecd565e5dd1cf9b56f209b,fd82b09c6c88e61ae49b33d667b8a690976980b4
20240405_EB_dbgi_003024_01_01_100mm_C18_15min_DDA_ELON_pos.mzML,d3ee94f926beb3e0a007b58315cf954d59f5890d,3deb009a551e95dec4837cb80f83e9e31ef7166c
202405081555_EB_dbgi_002448_01_01.mzML,1a84dcb51fcaf9f079728164509d8481f6ab3197,f36fcd88b8138fb9f4400be5ba25a14c0904b256
20240307_EB_dbgi_003050_01_01.mzML,6b0b096b38e84e18caf2ecbc247ee5143bc5b008,1e9a71758ef94f83429dc871c28f7992ff6ef7e7
202405081555_EB_dbgi_001821_01_01.mzML,974fade5d9a6ae8c27e5477ddad97909b5e08cf7,80496810d81da4279d94e7fa7fced114fcee0e2b
202405081555_EB_dbgi_002271_01_01.mzML,73ea9c91266a790cf40b588c2cf2852068b82cad,fe19e0b3193812255f7413bc0708f78d34d14060
20240307_EB_dbgi_002501_01_01.mzML,ee4050e524cb6a1fdd6a660a39689bbe058ec0fc,6a5ab3ed533c72b8feb0b6d03e79493bcc28dcdb
20240307_EB_dbgi_003035_01_01.mzML,d0715b3420d8311abc285b27481e5c512db84f88,983e65b76519188d0f464078173456f1bde3636e
202404191203_HC_dbgi_003086_01_01.mzML,9d1939b9cf4a63811996a8971a8cb11b6fd461d3,54cbf98eb95992e74557e584b71293a7e6476517
202405081555_EB_dbgi_002746_01_01.mzML,530bd7323357dc479e20f06017433113f84bb6de,523e058762e87c2814d5a966618b9219d03f5107
202405081555_EB_dbgi_001817_01_01.mzML,70df92ccd2b79a6c6b4b031091c0d6983c6197fc,188d5c4f3f46ab76e21750219686e7b0cd846cdb
202404191203_HC_dbgi_batch_blk_000008_01.mzML,eece96d62bcadbbbf2e65b541255e3bb90e088cb,5bfee0605a934200b739e17bd501dda8e78bd99e
20240405_EB_dbgi_002824_01_01_100mm_C18_15min_DDA_ELON_pos.mzML,5938a97b84c8e6edb10ce2e81cee47be76d2cbfb,202d3611b3eff028ecf9301a35607185a854ed45
202404191203_HC_dbgi_002796_01_01.mzML,b25aa5d5315be61b385c219c30407f166e622e55,54a803b2ac4b290af4f600401fbd06851c3d55f1
202404191203_HC_dbgi_003098_01_01.mzML,805cc89d29fcf532984c1706f9d70f86c9b3ce0c,244c9e61b7f157bde11fc163efdbcd5a84066afe
202404191203_HC_dbgi_002924_01_01.mzML,3c2a079e2c2289b2754a554a764f52a85b7e8776,17fcf630163e746a2a06bd944baf3993c7752416
20240405_EB_dbgi_002991_01_01_100mm_C18_15min_DDA_ELON_pos.mzML,735a42e610d78db41f5d73d4fef09784830c8399,39274af581f797b8bd8723a2682eacde8987d8dc
20240405_EB_dbgi_001797_01_01_100mm_C18_15min_DDA_ELON_pos.mzML,259b80f963225b0d16008842aa4864b94b32031f,2377c43cc8098b64daac92db94e721e8de20d519
202404191203_HC_dbgi_003157_01_01.mzML,85515dc634cf24d901fe567eb3c703a76c90eacd,105fd6bf9526d21caefdabd32cb8e964f8b5e035
202404191203_HC_dbgi_002805_01_01.mzML,df12c7507da7583030f79223c2782c924fd11769,d408f73f83b20897d5cbb8f10144209a16669e21
20240405_EB_dbgi_001191_01_01_100mm_C18_15min_DDA_ELON_pos.mzML,dcfac7b42be4a68b491ede12c519025bf95581fd,e804f994a3ba5fb912138bb77fdaedb8b3f72ab0
202405081555_EB_dbgi_003065_01_01.mzML,c076e6397ba936b12832c25f96df68a52501c1e0,b1fcf9f756b9c53803bde64f5b85212805619c8e
20240307_EB_dbgi_001837_01_01.mzML,b4a8260951aa4ee8efeb4713e069c8e9b8a8ee70,cbe7cb7734450918b24d44024fb10a6fe5b3205d
20240405_EB_dbgi_001793_01_01_100mm_C18_15min_DDA_ELON_pos.mzML,3d0b1abbc550927acfde5745c58994612af664c8,faa8629719bcbf3e3ec74ac94f87138d70a01474
202405081555_EB_dbgi_batch_blk_000001_01.mzML,d74501e4d2ae0df06ef38a872c0a246c0cf2666e,2fc540e4ee3f12bb704e29e7ee3f01b373d5ff3c
202404191203_HC_dbgi_002864_01_01.mzML,c2eb177e52eec3642f98d5f43ee9fef7e2ec7bf5,14d7cdca57d1a99cb2e2510363b2bd0cd4527954
202404191203_HC_dbgi_003108_01_01.mzML,f425ecfdb336524448d86b61b617b60063cd1f4d,d58b81b5eadbca9b96afcd285b2232d1024481a0
20240405_EB_dbgi_002268_01_01_100mm_C18_15min_DDA_ELON_pos.mzML,d59db7931804449452cd3d64329f714aeee48a04,62922effaedc744d2e3598b9e11e930fca8f57dd
20240307_EB_dbgi_001894_01_01.mzML,ce50ac8ff2f26014a916dd89495727a1c826254c,639ec04e7342a3df476b886fac4c524a7bdedfc8
202405241509_EB_dbgi_002550_01_01.mzML,109b6cc40d746796e9ae63af8ff2f194d9dd903e,fda10bb4a1975608ac6fad7b2cce2e562f262d9d
20240307_EB_dbgi_002487_01_01.mzML,319123a4497c9c1ce65937e355f24ef7bbcdbe64,59cfc5a4af49042623fdb6b8a93b74f47650a57f
202405081555_EB_dbgi_002551_01_01.mzML,bbc8daf7f10fee1f6cb4d9e6ef53a253135648a9,d7cf4b9870acd25cfe8cd49e2b1b5a40016e5a7c
20240405_EB_dbgi_001201_01_01_100mm_C18_15min_DDA_ELON_pos.mzML,3427374dc0e33870d82def734168ba6c712aa284,ed7fffb7190e93c0c6f7cb1d7e46c0fe935e236c
20240307_EB_dbgi_001895_01_01.mzML,9978ff9c1339c6d192f473fb3e397bbe81a92067,0f617b69bccc0c4aaa8ecfb664710d121445d396
202405241509_EB_dbgi_002533_01_01.mzML,ad84e93ac8c8cd3aeca992d08a2109a9d389db6a,27995bfeb393bd15be1b95cbe930296d53c814f3
20240307_EB_dbgi_001195_01_01.mzML,9bb6474f5663680a302fdc55c65b620f422e9d61,21dc9a0a5bcbda5390886307316738bcdbc0cc6a
20240307_EB_dbgi_002250_01_01.mzML,3adb505ca1cc76973436fcddec66cd4c1901c427,88afe39f2677fd81651acb5174b80da9d299aedf
20240307_EB_dbgi_002542_01_01.mzML,b081cee0cd178206ba2af9413e3bef9128df0cc4,12af7e32c592ee93a5aafea45aaf6edb3af8069e
202405241509_EB_dbgi_002712_01_01.mzML,f23549f8b715b1617eaa7fb0042ed68fe0473ac7,16577e17ae9212df57bd6f8e0aa08b80d50443c5
202405081555_EB_dbgi_002633_01_01.mzML,93be7bd26fd8e97352b451e459684832bfcd3e17,19ed18e5ed98a63e12c6181292b44c6556b0e805
202404191203_HC_dbgi_002421_01_01.mzML,e34141e9a5c216abe599ba4cb7fe7c2c51abbe05,638155343b8a2e794209e15ed8bcdbe65e917e1d
202405081555_EB_dbgi_001765_01_01.mzML,8df333fa229377b6c5119cdc4030a279711ccba9,de67377d40e4b08a368401a16c6b5b794bc9a2b5
202405081555_EB_dbgi_002575_01_01.mzML,341409f809876015b452e86bcb838edcb05a8456,782c67bde273610d53225662af50c5dfa5f5b33b
202405081555_EB_dbgi_001901_01_01.mzML,45809eaf62b2e93ab45a4d454f30afdf84490160,3c340f6e2b655109ebf7fb64f44e5876a1bcd7aa
202405081555_EB_dbgi_002644_01_01.mzML,108ffd963c522ca84a896d7a393daa7c03ba90a3,a4f8ed7d4a23c3496090d892c012c6c3ed2b1e12
20240405_EB_dbgi_002815_01_01_100mm_C18_15min_DDA_ELON_pos.mzML,056f8d5c3a29c7d1a8a40129bdecd782a19f86ff,7d0f15ac0937d0ad3f216d687b467dd36509339b
20240307_EB_dbgi_002388_01_01.mzML,f0014f520cdead6482b9988b5c49e1cffad0de8f,f514514945eeb68a94013f1e9d90c93421793861
20240405_EB_dbgi_002474_01_01_100mm_C18_15min_DDA_ELON_pos.mzML,2e7661c96c58eba3619845424a471b9790858fb1,cdc8f0ad1e7c7c58cd7e9b34e87450134289fab4
202405171439_HC_dbgi_002899_01_01.mzML,5c47965e4f4ef2a40b6105ba0ca01a2edabcfc93,394333d9c7617e4cc105f6d5b48c7b6739c79f6f
20240405_EB_dbgi_002323_01_01_100mm_C18_15min_DDA_ELON_pos.mzML,c5792ce5534131f03a2f22c238c8065fefb1d0bb,e868724e7880bed32150961f65c9b7d7631f7f14
20240307_EB_dbgi_002652_01_01.mzML,7327985c007ccb2c9a9a9050043a85ff8e5859a5,8ca9a057ba0d7d58b8be7ed5089cee25759b4364
202404191203_HC_dbgi_002891_01_01.mzML,7299c9f83ba89c4b0bcc7c0f8e19596567b148c4,0f9599bd80c5da6e5b821676e9c6d7e5c1364f6c
202405081555_EB_dbgi_002745_01_01.mzML,717072bea273c4b538ccc4060afaecd10f74ecb0,6f6ee8563de0ccff31e12ed54eab7ae3c2e55a7d
20240405_EB_dbgi_002615_01_01_100mm_C18_15min_DDA_ELON_pos.mzML,490806969e99121e424b380b0cf9499dd4680a4d,e00748317ff3efd10b305d2f9bb8278a8702f8b1
20240307_EB_dbgi_002385_01_01.mzML,3e61d8e94779ef4861f50479b06d6c9a12507697,f104b35e72269320c4d16b4bc3e2fc51b0a7457f
202404191203_HC_dbgi_002821_01_01.mzML,b4f2ed30116cde06a266151caea6349f04c47494,c54d8dfc0375d66cd73b1b9405392330a78c911f
20240405_EB_dbgi_002410_01_01_100mm_C18_15min_DDA_ELON_pos.mzML,88c06fdcd98f3d0c43b4077de2adf9d798f848a2,635d1cf4e0e46f0439f28061eba8d335a47e7190
20240405_EB_dbgi_002608_01_01_100mm_C18_15min_DDA_ELON_pos.mzML,bd64be357f1dd341970c215fb45b0b5a1c20d934,c14073eb7ef6d76dbea104c6c9733bd9876c7e69
20240405_EB_dbgi_002847_01_01_100mm_C18_15min_DDA_ELON_pos.mzML,1f83b40696c0aab1a024dd7954b456c8c1c8500d,7c30e89416acc4a6227994a267854d1cf209a3ef
20240405_EB_dbgi_002882_01_01_100mm_C18_15min_DDA_ELON_pos.mzML,d07e126b0517b65f7e0396325384952417886b78,62c60b5ac321e9532afa3049388f9a59a127a5f2
20240405_EB_dbgi_001846_01_01_100mm_C18_15min_DDA_ELON_pos.mzML,489f84cd06056645bd4d253fbf50ce50488be7e1,2e4083aca5e089e604bda82c611e783a7ef03da0
202405081555_EB_dbgi_002457_01_01.mzML,83e82a3be2c667779255a5b0c4ecf86fa82070da,efdad377727fc6ba043e12f8df4122537b0cd24c
20240405_EB_dbgi_002904_01_01_100mm_C18_15min_DDA_ELON_pos.mzML,d43b039dbbd5f1f293663ad6f2dd4a095fa45942,756cadfb43be2e35384410b7a70914c2049401a6
202405081555_EB_dbgi_003018_01_01.mzML,e0b99d3c76732fd66f096bd80d5c7c50e25df017,1120a014baf2e357ab80db250f73dfd67a91927f
202405241509_EB_dbgi_002249_01_01.mzML,72cd98496ad01524281f12868e98e281ab8a442e,b69b22fafe09b45198bff0707643ae93f47a6c79
202404191203_HC_dbgi_002869_01_01.mzML,e869f1cd7fd218680dc1c25f4c7424455d6869ff,09063a247a9754f6308998088e840f0a6521dc04
202405081555_EB_dbgi_001835_01_01.mzML,bc88514c7e905315e95e7bc48b4d6c7f9a6ed54c,741a9e1f96e02ab925b3deea695371bf62728f91
202405081555_EB_dbgi_001779_01_01.mzML,434ee2fdf08d3e6e7b8bbc3e0e193eeb97846892,57568579244bfcf6d567303c7b5380dcf811b8e3
20240405_EB_dbgi_002803_01_01_100mm_C18_15min_DDA_ELON_pos.mzML,2bce939f9d05ed0555776f5f0ddd5fddc63228de,20516912a11eeac533698f7731f1a112062bb157
202404191203_HC_dbgi_002979_01_01.mzML,08158db5547cc4ab358a7a80723d2876561c892c,5e7b7bdfe6db56edc72d967eb159997de4f04e55
202404191203_HC_dbgi_002751_01_01.mzML,30cd18655e3ef9b7ce0a7311968d4b111ca24d5b,4612be5836ecf65f0e278263324e77eb7ff427ce
202404191203_HC_dbgi_002772_01_01.mzML,d6f12f3575454588619c9491441d27dbd7dd9127,a6394c42754898344ec3d066c602721b09361028
202405241509_EB_dbgi_002595_01_01.mzML,61077c12314595d2088e4952aed465d9f39e586e,8addb535ee59288f7a424d703b9539a4d90ff00a
202404191203_HC_dbgi_003062_01_01.mzML,7654c771ab65f56fcfb746a7d9b2beaa19e90448,f814c5931b2c20fa0ccb8a0cc3a9d11cb6e7910c
202405081555_EB_dbgi_002538_01_01.mzML,8ff8e89d258d3d0ab5a4b0964abdeeeff4108c6a,fcb2701906b1ba16d34ebece15a70dd322138461
202404191203_HC_dbgi_002871_01_01.mzML,65449ebfb5079c899c11bbbe63a87b961460bc95,36a43f8d3da324c524e70285bc27ea75a136c40d
20240405_EB_dbgi_002502_01_01_100mm_C18_15min_DDA_ELON_pos.mzML,999c680f18df49d490efaebe7b5e241de1cf46db,860d02239cdb80ba616a157e5180293becd1082f
202405081555_EB_dbgi_002662_01_01.mzML,3ad6d97956e1899e45ddf0ea071facbf9e4f63fd,a494ed1432e3c33c8a93bec8cbea47adb73a1a37
202405081555_EB_dbgi_002738_01_01.mzML,fe21582f13a35b41b69cce52ade9e7e559413921,d484e0f886e999ac109eeb381ed77d25f44efedd
202405081555_EB_dbgi_002370_01_01.mzML,3dcded69553357fcfe5e77fbb8c9505f15df3ee9,dddbf0012c69660df690da03f334040e070ec6fe
202404191203_HC_dbgi_002760_01_01.mzML,f8f1eb43749b94921e4853f03fc4082a6e5ad1d1,797cecbba47786723fa1790d9b19e85460c3e9f3
202405081555_EB_dbgi_001831_01_01.mzML,19c45a4e4b8dca08e132498a3cf03c2bf16caea0,4004e8379018ff7fa7bc38a133e8fa218b26eb53
202405081555_EB_dbgi_002701_01_01.mzML,ea5d0bbaebdec1f6b4544840cc59ba76279139fe,b60ce42532469d48c0fb9bca4d9aeeba991d94d1
20240405_EB_dbgi_002598_01_01_100mm_C18_15min_DDA_ELON_pos.mzML,6cadadaf1cd29f554c1a921884c0c82b0e9d2442,a8cb07be09f88794ee1dded483dc902f1ded57ed
20240307_EB_dbgi_001213_01_01.mzML,552b5be01196020e4f15db6e971eea5ac76262c2,0bff7208e1e29728a23c9b05ba33e514c5255f26
202404191203_HC_dbgi_002484_01_01.mzML,636aa7f898c46d977f164801cd998653406f3db8,ba2e9a20527206671b97f9bd303a24bc75b78573
202404191203_HC_dbgi_002828_01_01.mzML,11736a496cacc3da63566fcadf26afee15f35094,8157485ec706af59bc730c524dc68766634f7a75
20240307_EB_dbgi_003051_01_01.mzML,dd430c69fde5b922bc2d4d8a2ad11e6e112a8115,37c3a3b6b12453461f81360fbf051e0467fce9ee
202404191203_HC_dbgi_003042_01_01.mzML,6ae4fca59ff8db7531698d42954b9b20463df8cc,091930879609830cc60240deea43f8d6e5be886f
202405081555_EB_dbgi_002465_01_01.mzML,41f3dc9e85cdd8a07651709b56d22d318ce117e2,8b1a2e124464fa6a8b427ae4b584ad3186f842bc
20240307_EB_dbgi_002279_01_01.mzML,8bf5216cdd8c5a0b2c4fcbe451d1e219694afd57,e3322cb48adcee8866a47d3335e31a2e549f75be
20240307_EB_dbgi_002747_01_01.mzML,d50c03c86b218a52ada5084bba30a5714057eb18,c7407b0b3a7c0463510007ccb89a5b50df3fc46b
202404191203_HC_dbgi_002978_01_01.mzML,3fb87ffeb5c0e3dc14425defbc084b505d551baf,d80096e6402a67fe99fc4ada4fc7ba705ca86955
202404241651_EB_dbgi_003163_01_01.mzML,0e4de3f0157f1d65026a87fe0a37c643503695e2,6f73d6f590b44fb76fc68aa38c6fc7ad7f96ed18
20240307_EB_dbgi_002725_01_01.mzML,0ba92a958f8bea7e0dcaf8392db235fad6875240,00604442d32d37356de066cbe21676b4a8c07fbb
20240405_EB_dbgi_002825_01_01_100mm_C18_15min_DDA_ELON_pos.mzML,d51cfe946c7539fb2779672a259e61cff2b3ddbf,fb7987964e8a5377e6da9a72063bfb1fc82e7935
202404191203_HC_dbgi_002811_01_01.mzML,10d7cda0cd7b9163c08add482e8fa8c66a18e00a,2263d16233ef41027a7d40ee355f9a63c71967e1
202404191203_HC_dbgi_002874_01_01.mzML,5f4caf744f8a0a09d830775476aa6001f8c1729f,81f423f3650eaf94e653c8677e2b0827dc53ed48
20240307_EB_dbgi_002641_01_01.mzML,f092cf3698a215a9d580d86f3e05a50dcb44e36d,e859d7e2c8c0da717d4dd9d34e5487551fa0cca6
20240307_EB_dbgi_003016_01_01.mzML,bbb09f246b1a40e6107e6b95b4bd0a4ec2002592,18073fa6c0b29d9a66227c60db97f118a9b11ede
20240405_EB_dbgi_002905_01_01_100mm_C18_15min_DDA_ELON_pos.mzML,714c02e1c51aeb77aa869bd245697e153940035c,880e8aa9ad95ce4ea1793797567fea98c033c4fe
202405241509_EB_dbgi_002499_01_01.mzML,8e6dd98dfc9882a7d189f82108a02e75b6f61db6,403878ad29367e67827f71ff44623080fe9de430
20240307_EB_dbgi_002653_01_01.mzML,866d9b58abc454cf0ff57ea6835f4688b127bf0d,1d1d6eaa2244438cc84ab1abe82141b0dde6480c
20240307_EB_dbgi_002698_01_01.mzML,ac540b5ffc84131bd5e8564dbe192ba1d8debb78,54de375c1066703183364846c00d67ac32ecf085
20240405_EB_dbgi_001890_01_01_100mm_C18_15min_DDA_ELON_pos.mzML,c29df21bcd1f1a1ac8d4a563d265386ea3268312,78be3ea873d155d52e6fd40e58ccc0ab107c3ee4
202404191203_HC_dbgi_002755_01_01.mzML,9ddadd18457eecf2d22e37d88634370b1ad56fff,778132ebfdc1dce615f82140f97c3c1710399620
202404191203_HC_dbgi_002894_01_01.mzML,c88770d1d8305ff83e9223c5dcd6d33214535c70,62d2a609da0e331d195d639e6415555ad4d4e4c7
202404191203_HC_dbgi_002866_01_01.mzML,e8ce1ba7fd7bed8a6f57f92bd47c7fd210ffd73d,1528b977362d4710ddbc27c964dd314113b1cd39
202404191203_HC_dbgi_002829_01_01.mzML,a8ec7a29fcada9f21757bc1e0f025673a710068b,8721afd9ec27fc65942977af3bc32ec4b65921d9
202404191203_HC_dbgi_002810_01_01.mzML,ad5bbc0c1627f66de286109e8a2e18372a1b4f5c,e70118d33dabaeb1d65b8f831c710094ae4ef1de
202405241509_EB_dbgi_001755_01_01.mzML,22bec4191b4f584b8e3b4d09f172c6806f7b1296,5d8a8f75d1e0237f26990abc1384c80dfd8d1691
20240307_EB_dbgi_001823_01_01.mzML,a1ee43590340c8b12bb350e4bc142059e1cb2161,689064c72faab30ea1e3daf20d3819dfa089f548
20240307_EB_dbgi_002536_01_01.mzML,c5bfbd458fb2300d802a56ec0b6d8b8a6e69d2ba,b55ed05939de6e264c2e8485e1d46e0efa00cc6d
20240307_EB_dbgi_002265_01_01.mzML,4b24cdf84c53abcf488681469ae46540ae4152e1,7c6a9ff19e1333ab903dd15cb2cccb809f5a37a9
20240405_EB_dbgi_002697_01_01_100mm_C18_15min_DDA_ELON_pos.mzML,7122c715bed31afc275ba54a9e4e37bb0434ba51,70e322847a9fb6194e611dfca8a4a1e148d39331
202405241509_EB_dbgi_001871_01_01.mzML,c96da07ee6277d27250c1209e2b48caed6724c32,03a5dd9823c8893a3cb0d09d515b27a7a5bdf808
202405081555_EB_dbgi_002981_01_01.mzML,c4b62e3fbe7f973d1fb6507139b279f2a4e47c5e,0dcc248d2a1dbef8a7f05b9c20dbfd9316fdb4de
20240307_EB_dbgi_001199_01_01.mzML,505548b2eb00b0490e332020e889f01868f0ab37,74b305c05fd0e8e25ef0ce3d82c6a6c52adea01f
20240405_EB_dbgi_batch_blk_000007_01_100mm_C18_15min_DDA_ELON_pos.mzML,80e89ec3a29c12c0a3a74ef05ed3859bf14f6c63,a43c91f558a402146e0e529bfc29709a520a8e87
202404191203_HC_dbgi_002775_01_01.mzML,78690162039d7710563c22fa642c69517b1ac7d1,16a21812832d71eeec650646a10537ed648dbe37
202404191203_HC_dbgi_002862_01_01.mzML,bfb35e39c7763eb62a2b1c2c4b2955b8192f80a6,717057c61bbf32c4f226487ff080ff046925b1e2
20240307_EB_dbgi_002454_01_01.mzML,3682b48f2ecc04f30587943527a6c15d49c0ac16,2106713a72795f346961493ea3323f0f42056cb3
202404191203_HC_dbgi_002318_01_01.mzML,8287884e849d318a2aeb69abba4816e79fbe2775,b884b4564d65fa7983b68ba5fdae04be7e96792c
20240405_EB_dbgi_003073_01_01_100mm_C18_15min_DDA_ELON_pos.mzML,f68451d49acb70131b1f6e06aebcc1e82d4795aa,3617752c48c026e7f1a1b4c71aad7e70900cee7e
202405081555_EB_dbgi_002721_01_01.mzML,bc766c349210dbbd3e3ed489ea16a32af8b57190,8e8fe39cb785208678ba80710b8f329140b57e88
202405081555_EB_dbgi_002264_01_01.mzML,9b93e8180e86511fbf448a9477ed96f38ef7f74f,21e333202abfecf11212f02428dd0ffc1d6a0f1f
202405081555_EB_dbgi_002577_01_02.mzML,d54dd6f08dda1c8cd1b9661f4e239bcffc905b9e,1bc905e58aedab7773d092289da5eb43a765055a
20240307_EB_dbgi_002275_01_01.mzML,29d27a38701a20b10705905d08f72f367b663243,badb258683d4c23750e4972f46ff385a4b6c90e8
202405241509_EB_dbgi_002492_01_01.mzML,df04e05b2e2788bc9d295c0343872f3265ea29ae,3cea8e12738560da5e3922450e555df8e36cf12f
202404191203_HC_dbgi_002987_01_01.mzML,2ed9eaa435801f5c0af593447f865e0c1b32f496,cdf71884303a743f5249047f52b9bad58422323a
202405081555_EB_dbgi_batch_blk_000004_01.mzML,e0ef29abaccc892bcc92d224be027e48fb48a8a5,44fefbcdce5d822de26aa188cdf68856969895b1
20240405_EB_dbgi_002873_01_01_100mm_C18_15min_DDA_ELON_pos.mzML,c385b4189e4554baad39b0fc7dd1727206f4dc78,1e5935e451db1a9a337f950a594b52ca976f7ed8
202404191203_HC_dbgi_002997_01_01.mzML,038799604f5c03d6b2226b8d1d2465925258e177,ab204899ca9bec635102015089c5ffe9ef93a477
202405241509_EB_dbgi_002507_01_01.mzML,1d88b22157fa48f713f07e252e17d865ab6b374b,243bedb26d6d1be0c8e76a303e3cdba68c7d5124
20240307_EB_dbgi_002666_01_01.mzML,2d25950aa58bc794792d270d6b6849c40e190bbf,f2303c9270bc8dd1cefdaf156a09187957b1fca2
20240307_EB_dbgi_003030_01_01.mzML,0051e225c8cf085dd19602af501f65ce0698431c,1b0745dfd27edffe36c50cc5eaa02f9b15dfcc2f
202404191203_HC_dbgi_003083_01_01.mzML,c70d2b020a88eb536e6f224216d44c8777e60401,cb5408c642505cbace983b6693182f6976ce84b3
20240405_EB_dbgi_002876_01_01_100mm_C18_15min_DDA_ELON_pos.mzML,974068118d8a8987270225ff8a2206372439e2a5,d017db07cb725e815e920ac49ac653104df40f99
20240405_EB_dbgi_002753_01_01_100mm_C18_15min_DDA_ELON_pos.mzML,9e05f9a81a3f21258d5088743f5f45cf138cb823,ebd4b7e9bc775e7c8c35bb64449121de0679c2a9
20240307_EB_dbgi_002433_01_01.mzML,8275370dd04bef8c1e23b6019ae60e16942fc817,f27fb53bc4718e09645bfebdcec1c738e64ad019
202404241731_EB_dbgi_003208_02_01.mzML,3e6c357cea31d8f9b319a9eea1202b0aeb9e501d,d30701d63dad9fd2149e880bd5c95cfc146348d1
20240307_EB_dbgi_002592_01_01.mzML,e269a12aa37820c8386b01310025c723091d94dc,aa8cfabe8ead52d73c27b2f664cf8acaa337d962
202404191203_HC_dbgi_003130_01_01.mzML,92d70e6d381502928170aad85da69292f48f4324,3715e85dd741886f06600f32e12d20346a732870
202404191203_HC_dbgi_002784_01_01.mzML,22cdbaebcc9f065939d34c63af97804fea761902,8ae11a31d622d6f8590dad3ac291f45f28e89ca1
20240307_EB_dbgi_001861_01_01.mzML,acbff6c0b590f5dd361082acea6abc68083d9ba2,a6a0467894ff0d4bc20a568e93bb5d20f0b2b773
202404191203_HC_dbgi_003116_01_01.mzML,9f30b1681d85d2a6bc9546d072e739289bbcfa64,d0594f0b1f426e40fcbd786c40755c6150305cd8
20240307_EB_dbgi_002729_01_01.mzML,c83b92a39ea2b4b8fb6e019b98889465927f1d35,f470c5c6a1cf2dea17b12f01eb3eb74748c2151a
202405081555_EB_dbgi_002680_01_01.mzML,49e2e8ea3ee306001b7363e61865b94a96a20295,a8d8612eace9f4e3c1143a9a7cc2cf52efcf5c0b
202404191203_HC_dbgi_003162_01_01.mzML,26a13fa51b10d21b4af5d51e4fdd5ed1d1859485,1055a63b05bb1bca8ac9f73233d8840f38172b78
20240405_EB_dbgi_001189_01_01_100mm_C18_15min_DDA_ELON_pos.mzML,55338f7f2c103e3a183180b23b2b8f655a5f0382,fab10a75383574612880dc9bac02fba4c24b8410
20240307_EB_dbgi_001828_01_01.mzML,5ffea12c950a3ac23e916f14811df6df3e69443b,0929f24e61fcb71f589c6cfefec773929abf7833
202404191203_HC_dbgi_002933_01_01.mzML,e4fcf0152ae1eb43c4f10d45437770e269a37867,d37a93fedc128cdec6e7c24ba5dd29b0f766ad04
202405081555_EB_dbgi_002445_01_01.mzML,72f2b84886bf99ca75d1e17899d02fc9ce7e082c,f7f21965f297feb40638bb808fd474e6fce160e9
202404191203_HC_dbgi_002888_01_01.mzML,f78032671356e85f8b852cbf1ed8cb7ef9ff24f1,c7989e2b8dcb1985052332e8a4af2e7d5824b856
202405241509_EB_dbgi_002459_01_01.mzML,7e2b0c7b8fdbd76708e414ba20ce92f5dd4b51fe,f22bfeb5cc078df5da2a56c70fcd11c698c3c17e
202405241509_EB_dbgi_002351_01_01.mzML,f94cda73dfbfd37e08966a25d4ebf9342a6202f7,a883e65b1334d7824a3cb97ff5549fd53e2acc85
202405081555_EB_dbgi_002280_01_01.mzML,8a468e4640128c02499812a4acb5a55c6ae9ffe0,92a868291b0b284ffda7be68b693f9c4607705fe
20240307_EB_dbgi_001863_01_01.mzML,6bbf9e6a6daa8c5d521914db5af66a6c4b5a2834,137953d6ddf9fc4ef922d811b916f1a623ecbea6
20240405_EB_dbgi_002950_01_01_100mm_C18_15min_DDA_ELON_pos.mzML,a46f3210a6969b4a1e03c9febe4f9414a077e080,04f58beb56075dd6008796726aa175e907d6d263
202405241509_EB_dbgi_001792_01_01.mzML,ef2d761f349a6cd79b3ae574d559bffa190f7e7d,17ebba0bdea9791c99293556006522f112aba8d2
20240405_EB_dbgi_002799_01_01_100mm_C18_15min_DDA_ELON_pos.mzML,368b6c5fa2e6e711b8c132d1ca672ad55f6fd123,760680510d06f66eb0e4fb4faaa0d729bfb28614
202404191203_HC_dbgi_003022_01_01.mzML,387c26c30f10eec79a6fd4e29727a3d67a64d73a,679ee9e7ee03b7f2532e2289b99f9e5fb336daeb
20240405_EB_dbgi_002473_01_01_100mm_C18_15min_DDA_ELON_pos.mzML,e71e55baa450b6f42f2d1172b84e3bc555052743,314f428700beefdbee6d13916105609b0fc7fbf3
202404191203_HC_dbgi_003052_01_01.mzML,f476319de4c7007fbd099d576aef4136700e9375,11198cba70b643a14503d074c08036200f672b37
20240307_EB_dbgi_002543_01_01.mzML,af118cc11aa2962154f444bfab3af1bfc129ee95,82c9b6a11548b631d9517f7b46dd2e2f88b07b53
20240405_EB_dbgi_002996_01_01_100mm_C18_15min_DDA_ELON_pos.mzML,bfaf3a82f4c67d979cc245e11c08c8929d38a0df,921d9d58a8544e73c4e1784542e4ec5681aab171
202405081555_EB_dbgi_001820_01_01.mzML,5d474abe5c87d9dc43e9c5154ea237a21d01535f,4c93920f836bf4afb4b8b1d8e7077fc6a7b9a671
202404191203_HC_dbgi_002840_01_01.mzML,d01c32403382ced2fe4fd3b500fb8f158f70cd4d,18daa1c2a07bef4602e6f349422b259b6a29f417
202404191203_HC_dbgi_002942_01_01.mzML,c382a8bc43784683f7d2e4702645b49ac878cd99,6bd681320428310efaf148a434dca680001a10b8
20240307_EB_dbgi_002338_01_01.mzML,c9d0be65a6e4a38da939dcbecc493df14ede8106,ff7f1824940b1c3fc6080edc4811e96a571c8126
20240307_EB_dbgi_002519_01_01.mzML,4692f7e05711af2c0227c869af48e15fc9af99cc,ee90e02c1446a96319a12fb40ffd4348f05b6f94
202405241509_EB_dbgi_002446_01_01.mzML,b0b51d788dcf7695f355fed4fedbcf087db29c5a,bc51bc4e52901e17571a700c9784949a88834e91
202405081555_EB_dbgi_002561_01_01.mzML,14293c42341e3ec07ef18213dbe4e755475628c3,9d08a2de95b59ad21bd27e917c1c50b750661148
20240405_EB_dbgi_002497_01_01_100mm_C18_15min_DDA_ELON_pos.mzML,c19414418c2733398ac14e6df348d972d6215c54,b9942286097e69b7a9e86e11f6b9e67e622dd7cf
20240405_EB_dbgi_002946_02_01_100mm_C18_15min_DDA_ELON_pos.mzML,5afde0bda570371869256c968983c96ad579490b,5885ce0e56196090c4c57472d73a5b8fc9f820ed
20240307_EB_dbgi_002478_01_01.mzML,7de421aadbdf09137f47fb1d4cdbc09e051ba59e,1f85e1ccbeccdd721c7ace7f4e392702cf35e045
20240405_EB_dbgi_002819_01_01_100mm_C18_15min_DDA_ELON_pos.mzML,c8f0141d0c6c17c051c382eaf342f76635baafe6,17e5cada77126962a95516cc391066e823240e90
202405081555_EB_dbgi_002577_01_01.mzML,29408059a61efcc552ec393507cf933e3ab621ad,9c94a8ea60afddc0bc69e05a0d8ee04c3fb16375
202404191203_HC_dbgi_002804_01_01.mzML,7b56903b7e79c3bfe0f9d5b9fb65f6c6da725d3c,5318443daba0f23c8d14957c830fef2af8057edf
202405241509_EB_dbgi_002488_01_01.mzML,b0f54e6ca74b351abbaca2a13710e714bee44168,29018a84e0ff9f97d6b0f1109754f0c30c0b6675
202405081555_EB_dbgi_001813_01_01.mzML,4f54e323d2e89a2a74bc9fae4468466bffb58283,59cd2479a0bd4336e569ef1f11ff9d6ab2526e98
20240405_EB_dbgi_002451_01_01_100mm_C18_15min_DDA_ELON_pos.mzML,4f9b08e176e71943fa48a1b22a99d764e2ee6637,fcef0bd93e66800917a31268d3481038894de69a
202405241509_EB_dbgi_001891_01_01.mzML,159e2478596038dbe3f8d5177dec6e7709ca5302,639c564e8eca49439c1b6a6d40b5d7c2193e6fa3
202405241509_EB_dbgi_002430_01_01.mzML,0016f985971257b5d9412dc458682b1e632ab728,89903b9846dd002e9c8231c3ceb06baf7c21c6d9
202404191203_HC_dbgi_003122_01_01.mzML,107449689536a80ac81dc4ed7942a4ae53c5da01,3434ac36ff5dfd37b3fde7d82c2ee63ee82846ae
202405081555_EB_dbgi_002393_01_01.mzML,91cf32ac94997c3656a614908859e03284781bdb,49bb1e961e7d1e9399dca168693b52430322c3bd
202404191203_HC_dbgi_003135_01_01.mzML,cad5741e594cef23cbb5352cc5d22a0179233627,ce1775eda549b1c6d486b627365cece0eee3764e
202405241509_EB_dbgi_001808_01_01.mzML,0ab44797a3ad808a3321a5454bffd0875ca05556,bf8560311e1ad3e942eb5d4d9458a6016c6efb21
202405241509_EB_dbgi_002703_01_01.mzML,727b1b03c7b0ef5c3449f7d678701f56c6ac5263,a3f17b6ba5471dfea8a02ccc21e02e26f9d5a35a
202404191203_HC_dbgi_003121_01_01.mzML,e459fd19d9bc757b4f1bdfd61297bc034e8fe437,2caefd19055a3af529c45849a02cca830c8f36d6
20240405_EB_dbgi_001906_01_01_100mm_C18_15min_DDA_ELON_pos.mzML,b3ef909f34bbf9dae4d310121a9c304d366ed29d,9536c34412db5745bf43d796b394db36a80fa4d0
20240405_EB_dbgi_002812_01_01_100mm_C18_15min_DDA_ELON_pos.mzML,0f981697f41d293a777ed38f0e12696413a8e689,f0545364da0b7bdd6e88dfd7cf4b5348f54de25a
20240307_EB_dbgi_002677_01_01.mzML,cf4d414d5b28ea9ed0023f5375fcbe9ab6ae2980,b5eebcb26fcca9dc4c7fd6c9f7a9c8df65a3e39c
202404191203_HC_dbgi_003103_01_01.mzML,2f57b19973ad70799c0fdd7196099606bc553931,670565facd0c74922e0292d7a3b6fa49c566125d
202405081555_EB_dbgi_001843_01_01.mzML,b5a6339aa58bb2abc1629bd2f16fcbecc1c2a41d,3d27cf7c66ffc9f7571d7c8c5994030d889bd951
202405081555_EB_dbgi_002258_01_01.mzML,86a4ec5f1a0e58579eb54982cb15b46ac2ea60ca,d873df02565d1ad84f6645063772111a80c08421
202404241651_EB_dbgi_003194_02_01.mzML,ec72e49e9a7454a5c6a323447bcebb3e57302342,9a00c7dedec95c0a54a2da832f403320d46dbb3c
202404191203_HC_dbgi_002839_01_01.mzML,b42db69625a803cece97e26ae1f3a888ee3633c7,7fdd42d7ccc8bf1639393cb20349bdae1f563d31
20240307_EB_dbgi_002246_01_01.mzML,f1a6e694655f937a3339a43b9eb324fbbe256fca,c3faf8e59856c2abd0fe6b22a30b4a186ff69f3e
20240405_EB_dbgi_002781_01_01_100mm_C18_15min_DDA_ELON_pos.mzML,4e01f6db12390ddd690590c0d9a284261c8c676b,6f84dbf786de1be60319f470751162232ef4e20c
20240405_EB_dbgi_002984_01_01_100mm_C18_15min_DDA_ELON_pos.mzML,d51467748d076db5d215142fd2b71c73b5211039,e95cb161e7f07e3c27d7f8fed81050703c7c2534
202405241509_EB_dbgi_002711_01_01.mzML,89676732bd772edc072360be7eff0913661406d6,36d0074bbdcb606dd2df0c2bbdd820bb52e4cb6d
202405241509_EB_dbgi_001782_01_01.mzML,44dd21fd808cb8bf969ca71e212375a17a11b8c2,e68eaae5d4c5e630a5f688d12dff4a1851ca8fe9
20240405_EB_dbgi_002748_01_01_100mm_C18_15min_DDA_ELON_pos.mzML,2189c16d4c585121d67b32e23445ffc184aa8b38,10f10872af3d89f0afa520cb91ddfd10ec068c70
20240405_EB_dbgi_003064_01_01_100mm_C18_15min_DDA_ELON_pos.mzML,1048348105d602fa5a4848dd26956b332b799217,776bfec7a38ec137da8e711828d18b34e42c0ff0
202404241651_EB_dbgi_003200_01_01.mzML,9a4b1e2d665e789c0316612d2375be65c7d2290d,f79d322222524dc44e5af448ae15f4e9b144365b
202404191203_HC_dbgi_003144_01_01.mzML,755f8b46bce62160263dcbd11dcf00056d9a6f1a,94b8ec924c5499234940eb0cb1f9581ea8f5e6e4
20240405_EB_dbgi_001866_01_01_100mm_C18_15min_DDA_ELON_pos.mzML,f87b23afc2bedfe5284ca44495ddb3f6b072e748,70507126251732d6121589d8a173ebf9521b1e88
20240307_EB_dbgi_002690_01_01.mzML,be49a716bea741d0a21ace41eba42e4f046560fb,76335ff00fc28f2cb65d97f5327feb0b5cc6ec37
20240307_EB_dbgi_001858_01_01.mzML,6516bcd14963a332bd99bab88b4cbd42c88b3322,c3fb9743520c20b1eeacc02bd8d9074ea663dafa
20240307_EB_dbgi_002975_01_01.mzML,c2a355947c3f7133c0e8e9b13f53d771c66a27f5,ed258d5af9f4316871e6c8dcb62452c5ccfd0751
20240307_EB_dbgi_002645_01_01.mzML,1f11d206f2ab701cb96e0685af8a30bc178e947c,6c0a6208dfbc75be4a2f683caf9a89c6a057cbed
202405241509_EB_dbgi_002616_01_01.mzML,723f816153df65332660b5ccfea8fed53389fcb2,eee23ba97d47f1f3a93009182976c01059c56e04
202405081555_EB_dbgi_001833_01_01.mzML,99d5ce84f9034c4a87fc998d700f0ca108d24c76,966a05646c3cd44d8252fb5a29524b17f8c89ede
20240307_EB_dbgi_002312_01_01.mzML,6d8ffe3ab5fea3fdd1c56953fc39ad7826355c57,01378f15fc5200671d67498b620167a283d90569
202404191203_HC_dbgi_002777_01_01.mzML,ade3995988ee8942e25ae41d655ea82bbe29c52e,83d0cf2c1f1cf683266aca9ffd9928c5a2139c43
202404191203_HC_dbgi_002808_01_01.mzML,84104846151d37788321b50c9b0385ecaeff6a69,1f1781768d4f8023332ef3d9dacbebba6459bd7d
202405081555_EB_dbgi_002705_01_01.mzML,130166ff467a9cd71727f48cd21c5e8b3c39ad1f,434645c3d64943a9261198f644b220034cf05521
202405081555_EB_dbgi_002355_01_01.mzML,09cedea488ce27f7a2a3ef82e5978e0713fcf58c,334f45f3a6858a74b1968d0f0187e26dc3f85e5f
202405081555_EB_dbgi_001807_01_01.mzML,1a4e917c877a88edd740d9fda8c66c3d8ef3bf37,e9a35df05877f7bbc7fef98e03357495d4ebcd37
202405081555_EB_dbgi_002581_01_01.mzML,80d58b0dab67898fd32c4e42f371e0cfca3bd57f,9ae9876ee3a989d0af7f171ddf34a729bdc74ee2
202405081555_EB_dbgi_002602_01_01.mzML,d74dd9556fcb71501876faa48ea5e66965cf110c,6f92966feddcb0384bee266cd8fa97a3698899a6
20240405_EB_dbgi_002832_01_01_100mm_C18_15min_DDA_ELON_pos.mzML,c161a4da892d11852b0bad039d2a7feb504bbeb3,e49232e8477dc8d58b994651d5741b6959274315
20240307_EB_dbgi_003043_01_01.mzML,b108f5f300d1a68c7a56d2cba40e92ecd8e945fc,be5ad6d789d93791f0a549769304bc164fdb3c1b
202404191203_HC_dbgi_002773_01_01.mzML,dc91d521484ac46cccd51da1f6a2a699542d31f4,25edc01099bd0eaa0c4beff4e928783a7e94bc0f
202405081555_EB_dbgi_002686_01_01.mzML,3c19d25a6f2e120e2ea03f3e16c8940350efa2b8,1b415379d5d6ba2a9b92b0f97f5771cf518e7fb6
20240405_EB_dbgi_002918_01_01_100mm_C18_15min_DDA_ELON_pos.mzML,bbe19e86e74ddf5f8e742cad4c78d9547fd8e459,c159799337703410cf1acbfd58a8f290bc5ece08
20240307_EB_dbgi_001922_01_01.mzML,59a9b3b9b215e4f9c71bfb2ee03509295f06f3d4,d79aa5baa7b908556a64ef09266ef12218fb44f3
202405081555_EB_dbgi_002619_01_01.mzML,bb32997880f8fd2a0d3f43cd5a43bc0d23f5d5ab,d0a17e1b376466ff0c9b7824e69a82d9e7163102
202405081555_EB_dbgi_002382_01_01.mzML,f90af49c8b6aefeb90660b4aa36513e63292d9d5,e29905bd62963587f77257421964f06719ca2bd2
20240307_EB_dbgi_002618_01_01.mzML,fb8a987d1aee6be73ef2517dbc8ecb1ae90a0ddf,720a594b4fea03417b2746295ca05e33827b0223
202405081555_EB_dbgi_003028_01_01.mzML,19ed545a8a2b61709aef3e1503946048c46fbbef,020380547478243e44bbd91b60ab907c17eb33e5
20240307_EB_dbgi_002743_01_01.mzML,0eb7102d420a6077ee1ebc78fd72f5c4b80aa3a2,84f393a5529a50b16f678590aa5659dc9c313e01
20240405_EB_dbgi_002326_01_01_100mm_C18_15min_DDA_ELON_pos.mzML,e3937ac4b7656f80d5b3532595a829e450529125,4ad525f46d0009cf7186618cd9d460b6e184030a
202405081555_EB_dbgi_002577_01_03.mzML,2b298d176ccdab5b8ce9f3f21539a83ea65a6ca1,740a25b84c05591f968bd136a2d1e1db434f9cea
20240405_EB_dbgi_002841_01_01_100mm_C18_15min_DDA_ELON_pos.mzML,f4e3a4c24dcbae2b6f22f46c8ecbab213ac574c0,d9b9b031e58c662b04acea887910c7b3f4eed30c
20240405_EB_dbgi_002919_01_01_100mm_C18_15min_DDA_ELON_pos.mzML,bb520ef21205d17644cf567a457eb078867f9f7b,b37f19bd435c727e83924d30f0cd9a1bf528b78c
202404191203_HC_dbgi_002822_01_01.mzML,115dc79583cbc77e60260f417838b12000e024c0,374612b68a04dbd8b50b73b31b8147d1c0cdeb45
20240307_EB_dbgi_002733_01_01.mzML,2ef2ce43441f51312a47375968b2912fbb4df954,0058b6740cca8acb5e412cdaa95c4c8722a326ca
20240307_EB_dbgi_003056_01_01.mzML,69a7d17d76b07e6057ecf96f78b303f9c32912b8,699f9143379b647630babfbe714eb8889d8346fb
20240307_EB_dbgi_001884_01_01.mzML,3110e711f202f21905b369d1b5a7d04ec009c180,92d1424f566b71cda4fa08eb2f8005cd92d66f8e
202405081555_EB_dbgi_003054_01_01.mzML,a0b781821316dbbf6bd6269f5cd80a91d5e48df4,58110ec88cc35c0825217c9e74febecf7d7825b3
202405171439_HC_dbgi_002762_01_01.mzML,1de9cd8346369e5b46ba5015dcc600e08f7352bb,69021030de331fd0d0cb6307e8ce4a2c63ddc2eb
202404191203_HC_dbgi_002761_01_01.mzML,e5fad5ba9df7be779cf96707f3ae783d14cd2a9c,15c56efe3068e698a5d6846b8f7e687269f06676
202405171439_HC_dbgi_002857_01_01.mzML,a8cc19210fe4873bcf03a345d4483ed189d6d57e,2c12cd15d36cc6850f081acf6a8d7ed205d78f96
20240405_EB_dbgi_003048_01_01_100mm_C18_15min_DDA_ELON_pos.mzML,d752b852e2de3b22e8559d7b5bf3bc9b6ddcbf03,0057e171943e7e593bc494d552ffe23e6bdd88a2
20240405_EB_dbgi_002371_01_01_100mm_C18_15min_DDA_ELON_pos.mzML,197d8c0e0d7a092e5b03e2247b5202f22eea4928,74d7b223e99d8b0c136ccb21129eed862697c21c
202404191203_HC_dbgi_002342_01_01.mzML,209d9c592c7fda4dcf55e9b0f8375b224d41e420,52ba5e2fe2805c7b5a0d68ed87a572d2a04818c9
20240307_EB_dbgi_002613_01_01.mzML,ebc4a20688736817b2df1ee33fe0183aab55f03a,372ae3e95a5da4247f1f7b5388584b9cdc5b76b2
202404191203_HC_dbgi_002983_01_01.mzML,6c32951fcfae963764acb0b818f9710d337a252f,ab0670bc73f5d3129eac1af8b3a400b2051bc944
20240405_EB_dbgi_002895_01_01_100mm_C18_15min_DDA_ELON_pos.mzML,046ef1a44670a601af1145445f77d984cb8f9001,7f848f3c1a0766672e938bcb499c5ce751e5d9f8
20240405_EB_dbgi_002461_01_01_100mm_C18_15min_DDA_ELON_pos.mzML,431c60fdd0ec140ad3ab2b0ecbe3560799174878,cc18476f1ba0f264137c1ca7098e482748ed5524
202405081555_EB_dbgi_001920_01_01.mzML,5a4c82f88f3c99e2188f9578a4e62fd22e25ed7b,2f1c5c1672b84795385c241904b4d6295cff181f
202405081555_EB_dbgi_001864_01_01.mzML,23facfb9984952055ceff8e68d4b5d5320a6d6b6,ea95eaf7ff89dd649b4ac8ee9d891af09c2a4dbc
202405081555_EB_dbgi_002726_01_01.mzML,35c2b7a7e2b4b01b5585efe2a607fe8ea73c5854,9d35089c58932c3aeda21bf1b89e50502b02d08c
20240405_EB_dbgi_001925_01_01_100mm_C18_15min_DDA_ELON_pos.mzML,3ba440c0e660a83aa114ff3a344f134805db6547,88ad1a5a61a06af26ffd7092f8bcad8b44d3122f
20240307_EB_dbgi_001870_01_01.mzML,b2d5b0c2a7b367a977e59a480da39254b03e4d83,dd69f037b4018954c8a26a14395165757959b892
20240405_EB_dbgi_002853_01_01_100mm_C18_15min_DDA_ELON_pos.mzML,e07779a21a13efb2ae32134ec063822715c1972f,448c347bacce55c331518f63e6302b831b1a4a82
20240405_EB_dbgi_003033_01_01_100mm_C18_15min_DDA_ELON_pos.mzML,dbf53d1fa17e41019b78f147595387ef51ec702e,35d193d12d84fe28ed69be85c68b69858e855b95
202404191203_HC_dbgi_003125_01_01.mzML,4fdbb95f8f50e5d4a698db217a013e03407b3f92,2be4aba4af74143c8a679637bffc3d138a5c89ed
202405241509_EB_dbgi_002455_01_01.mzML,3ddc54fa09ee85929cdf68202e495c75e9884b02,10b37c74ffe24e2c0328ab59ecaf400f49983b35
202405241509_EB_dbgi_002414_01_01.mzML,a7f016eb1c33a8d148f131157031000a0ea9828d,43e3b8809f1e30dfe9e30483cb801ce471951ced
202405081555_EB_dbgi_003005_01_01.mzML,e2edfe2f369a76f724798c507250c67210202760,01cf899eaa83769e62515173745f9a0375dd6e22
202404191203_HC_dbgi_002940_01_01.mzML,e5af9af2a45e0fa700f1df68e2f78bc6a6cbfa18,e978b6271a963967750fc11f271bcb7c065fcd42
20240307_EB_dbgi_002693_01_01.mzML,bdf6688aa0ac2f202bfc0f01cc6085a834b64d1e,b20aecd8d36203959ad8351b031fd44ec64bbaa7
20240405_EB_dbgi_002875_01_01_100mm_C18_15min_DDA_ELON_pos.mzML,277ec60d9560deb3a39c870c682a09bb6aadd6c3,5cd06729735d7ed8940f630b203bdbf2bc4ff7d3
202405081555_EB_dbgi_002706_01_01.mzML,0286eedffe0aaf66dd21f95bb171d5d6b8952f4c,490303b9cf686267179a329d2583916f980449ee
20240405_EB_dbgi_002510_01_01_100mm_C18_15min_DDA_ELON_pos.mzML,c810efff500516f67d06a4724e17c470a687e0da,a6ba171692ee47b399e2e7cf919508ab26824fac
20240405_EB_dbgi_batch_blk_000006_01_100mm_C18_15min_DDA_ELON_pos.mzML,e85964393dd524ab5ceb70de6f115f5f7460a984,2797bccc376dc559b42bce81cd64fa27a258e5ca
202404191203_HC_dbgi_003167_01_01.mzML,93030827da1f464c4989108978abc4da1b570652,d17666694e082bee7ac2ba3367bfa647a553c263
20240307_EB_dbgi_003045_01_01.mzML,a38b7bd5c963b1cf865e19c4afe0183d3333a7b4,267d68becd2a6072d85d116a91010a7e954cb8b9
202405081555_EB_dbgi_002647_01_01.mzML,564a023a110ab01d5b873a7eca34553142024e0b,5f2b8ec96c830143c03b8d648024671ae6e207d6
20240405_EB_dbgi_001832_01_01_100mm_C18_15min_DDA_ELON_pos.mzML,e3e68a7d329df0af292ad25375f0dbb5323c266e,8a81764b7cf43541636e2464d897647569c72240
202405081555_EB_dbgi_002994_01_01.mzML,73326d4b706636771f0381ae25dd35d59c140e2c,83cf6892c4b89f5c00c3ea7570307198487057af
20240405_EB_dbgi_002625_01_01_100mm_C18_15min_DDA_ELON_pos.mzML,0bde7a80dbec490a914f4b1e613846171e76de81,940ad61ad9478d82db008abc48648a2004b51bcc
20240307_EB_dbgi_001788_01_01.mzML,23480ef043f7bad29e2acafb2ef8fa8479e3fb61,4e3051e761f72471ac888e1822d0ff2a8c8107d4
20240307_EB_dbgi_001773_01_01.mzML,c996a2eea15a79c08a5379a69ea348657635b0fb,85ac08a9da69cf92117b96f25a255de14f677be7
202405241509_EB_dbgi_002477_01_01.mzML,641be5d07d301756baae8b5bcca58c0edb8481e1,45668863b3a5c4ffbcbeb07641b4646bb69f4cda
202404241731_EB_dbgi_003208_01_01.mzML,55936650ea8ac13cc5d327b9e95ddfa30103c2fe,3477216bf72436d81be6f2d83fd1784424b36e36
202405241509_EB_dbgi_002270_01_01.mzML,63a5e9d899297ed0677273270cf4b16b118ef441,9ae8d5c2e4ef7a49ab2fbc631c8cfbe8b1a4eea6
20240405_EB_dbgi_002449_01_01_100mm_C18_15min_DDA_ELON_pos.mzML,49f4b3fe34e36d21308238de55f06d64537c8347,c8503c62e5ee0f521fc1511135c13f1c99704a90
202405241509_EB_dbgi_002422_01_01.mzML,11e0522c5c6308255137cd708880ded56b204ff7,5d611fa543b70deecd4d8ff621426eac7658d3c9
20240307_EB_dbgi_003011_01_01.mzML,6e6f8d1c64b2372415f7b42b8f8afea0a2dd5e65,00db15ec77787c4f6028aed14a99e21015ac848e
202404191203_HC_dbgi_002675_01_01.mzML,de930257759204d19b104acbbca9aebac2ed7596,14b2f914621a98ff6768a1e1d5c3b66b1bd3d648
202404191203_HC_dbgi_002879_01_01.mzML,a1330c8b3325cf2808edce02b6c5aa0b52758442,0be4833b85010fef88e018a73c69afbd75b96892
202404191203_HC_dbgi_003012_01_01.mzML,69c86706f7e68b69c881cd68ab379ca37f8acfd9,2b4c89da1f9f390a28fb43b5095f6e0668073393
202405171439_HC_dbgi_003068_01_01.mzML,2c2651efcf40262be9d1555f05f2f927367ed7a7,ca166e69d9a421bbeac598d937de47119f64bdce
202405241509_EB_dbgi_002569_01_01.mzML,e4794163bf5329e91513b3eee44219d5c64618d0,300219ce2adb68a0d861c250a10ae93d1fb961db
202404191203_HC_dbgi_002749_02_01.mzML,f55882af0b58eef87ce21bd0bd3e10fad8c012e7,b8968e402f1742bb738b05e049f4deaa696fa238
202405241509_EB_dbgi_001877_01_01.mzML,9d940365b72fab7c0114fcf98d57421f9355a31f,8d415f81dc321cc2e40dd62d06cb3fd4fc2fb552
20240307_EB_dbgi_002959_01_01.mzML,6111f167cfba3dbd342e5ec72d0e84837e53981f,8e24f7aceb691125cd868752e1e9d8aa02d8d98f
202405081555_EB_dbgi_002640_01_01.mzML,19fc90154f0f91be3ba4bcfcfc56597f8ab54f88,9bb3efb9575a5a9b811b9904d86ae2deceb61b5d
202404191203_HC_dbgi_002919_02_01.mzML,cdc5ed5a477e89e1c1f01469197bc5c2befcfefa,17c76cadd049b93be5bf385740c63d46da43d96b
202405081555_EB_dbgi_002718_01_01.mzML,d2784e1e75b7140c3b337f873cd7ea06564d0075,e1a57bd4725770d7edf8ec72ce8d05cddfdb87ce
202405081555_EB_dbgi_001918_01_01.mzML,cd7d3c249d4f4331990453238dd97fbe98f9a3fe,196744547c930a9ef4dcf05d84d1587474f7813e
202405241509_EB_dbgi_002513_01_01.mzML,94a4a53a8c60c8e2e3a870fc87bacca10d508429,b9f6cb44b6a6357070caa425ac5e1722fb7bfdc6
20240405_EB_dbgi_002758_01_01_100mm_C18_15min_DDA_ELON_pos.mzML,f5b2bc206ccf3fdafcd51cf80a6f1048d1c38f5e,8695d27e0437d9223badcd605c7a28c609fed810
20240307_EB_dbgi_002660_01_01.mzML,cace998d0ebf8f37d5de405cf805c573c9a6af63,77ac4a2889ce8f79a7db94aba1354631e9a2a9da
20240405_EB_dbgi_002820_01_01_100mm_C18_15min_DDA_ELON_pos.mzML,1bc21012db0af7308c3f258a3cf9efa30016ce56,ce732c0dd5d283831dca9fde1913bc6c4231645d
202405081555_EB_dbgi_002909_01_01.mzML,4af44bfe82fddd5bb29a83ca501fe59908b8168c,6ae2303c866210783096890bcd31100423cceaa4
20240307_EB_dbgi_002650_01_01.mzML,da5a648c1bc2d940125b711ea6cba6bebff0754d,e24d375023ec373947cf4fb2f9376ac63955915b
202404191203_HC_dbgi_003038_01_01.mzML,64d1a371496a1c7a48f3c48cdacc77be029c3397,ff760733f92405aee6ded25b733df312fda572d0
202405081555_EB_dbgi_001819_01_01.mzML,e6bee7bb5bbe433c3327da7c1a7583cd736661df,1d105dfe4fe76bf1259fffafa06a79129d372499
202405241509_EB_dbgi_001210_01_01.mzML,fe8b277a697969bf7172a312e94606abacc91d52,2f6381afc2bd971e27497b7fca967e5ddc25ebf3
202405081555_EB_dbgi_003055_01_01.mzML,e69f5b07cb1ba2fc7cbffe307c3e6fc47a368384,dbc3f489a93d1f58e9755664ac6139303c3dce6d
202405081555_EB_dbgi_003025_01_01.mzML,0defbefd3a64da77f0bc188a5d35229f99a58fc0,4e476f59db44a2fcd09deb4c566170a5d69747f3
202405241509_EB_dbgi_001826_01_01.mzML,35b50f02391a2159de8898282518589c065cd65c,b7a698fa813a5ed0fc038ca427ba2afecbdf4b6e
202405081555_EB_dbgi_003061_01_01.mzML,251ebe9d77f03072f9a0331bd982a0613dff075d,c49ccc6f1c8fe0b350e5c04e2b9e6c3f84c6456a
202405241509_EB_dbgi_002434_01_01.mzML,8c06d5b47c0688291e2f57b88d6dce3024765490,e2491c3ead95d2b7e8bf4f42600f2e1a5ebb19f5
202405241509_EB_dbgi_002710_01_01.mzML,7b455e3da632c06823f48d30469fa2b29f0a0a0e,9b3fdb4b38255a9bcdf676dfbac41acba468dce6
20240307_EB_dbgi_003049_01_01.mzML,f7b09594322b988f7208d2999845b7b88b1a4e47,57b4886d034f4e05954a55fe99efa7927b58addd
202405241509_EB_dbgi_002522_01_01.mzML,5329971e9c2b5735a6f0d0db847dd328dbb439b3,6d6171b75094bd09a79d810933f5a0e8750074a4
20240405_EB_dbgi_001842_01_01_100mm_C18_15min_DDA_ELON_pos.mzML,3ffe589c6cc8869b60c288b4fce6106392cd6620,dbb1fb104218ef2774b10b4ebf75a04c312ea611
20240307_EB_dbgi_002429_01_01.mzML,29a60f0314b9d67fa04a8fa847cc2f173e073af7,f12871dfa5004b071c54ae21f18e5dd922835ce8
